This file contains any messages produced by compilers while
running configure, to aid debugging if configure makes a mistake.

It was created by vice configure 3.10, which was
generated by GNU Autoconf 2.73.  Invocation command line was

  $ ./configure --host=i686-w64-mingw32 --enable-native-tools

## --------- ##
## Platform. ##
## --------- ##

hostname = LAPTOP-0BS9KNOH
uname -m = x86_64
uname -r = 3.6.9-01d6c708.x86_64
uname -s = MINGW64_NT-10.0-19045
uname -v = 2026-05-24 10:45 UTC

/usr/bin/uname -p = unknown
/bin/uname -X     = unknown

/bin/arch              = x86_64
/usr/bin/arch -k       = unknown
/usr/convex/getsysinfo = unknown
/usr/bin/hostinfo      = unknown
/bin/machine           = unknown
/usr/bin/oslevel       = unknown
/bin/universe          = unknown

PATH: /ucrt64/bin/
PATH: /usr/local/bin/
PATH: /usr/bin/
PATH: /bin/
PATH: /c/Windows/System32/
PATH: /c/Windows/
PATH: /c/Windows/System32/Wbem/
PATH: /c/Windows/System32/WindowsPowerShell/v1.0/
PATH: /usr/bin/site_perl/
PATH: /usr/bin/vendor_perl/
PATH: /usr/bin/core_perl/


## ----------- ##
## Core tests. ##
## ----------- ##

configure:2918: loading site script /etc/config.site
| # This file is in public domain.
| # Original author: Karlson2k (Evgeny Grin)
| # Written for MSys2 to help running 'configure' scripts
| 
| # Defaults for MSys2/MinGW64-targeted programs
| 
| # Set proper selfname on bash and fallback to default name on other shells
| test -n "${BASH_SOURCE}" 2>/dev/null && config_site_me="${BASH_SOURCE[0]##*/}" || config_site_me=config.site
| 
| # Set default 'host' to speedup configure
| if test -z "$build_alias"; then
|   build_alias="${MSYSTEM_CHOST}"  && \
|     ${as_echo-echo} "$config_site_me:${as_lineno-$LINENO}: default build_alias set to $build_alias" >&5
| fi
| 
| # Set default 'prefix'
| if ( test -z "$prefix" || test "x$prefix" = "xNONE" ) && \
|     ( test -z "$exec_prefix" || test "x$exec_prefix" = "xNONE" ); then
|   prefix="${MSYSTEM_PREFIX}" && \
|     ${as_echo-echo} "$config_site_me:${as_lineno-$LINENO}: default prefix set to $prefix" >&5
| fi
config.site:13: default build_alias set to x86_64-w64-mingw32
config.site:20: default prefix set to /ucrt64
configure:3390: looking for aux files: compile config.guess config.sub missing install-sh
configure:3403:  trying ./
configure:3432:   ./compile found
configure:3432:   ./config.guess found
configure:3432:   ./config.sub found
configure:3432:   ./missing found
configure:3414:   ./install-sh found
configure:3590: checking for a BSD-compatible install
configure:3664: result: /usr/bin/install -c
configure:3675: checking whether sleep supports fractional seconds
configure:3691: result: yes
configure:3694: checking filesystem timestamp resolution
configure:3829: result: 0.01
configure:3834: checking whether build environment is sane
configure:3879: result: yes
configure:3945: checking for i686-w64-mingw32-strip
configure:3981: result: no
configure:3991: checking for strip
configure:4012: found /ucrt64/bin/strip
configure:4024: result: strip
configure:4050: checking for a race-free mkdir -p
configure:4093: result: /usr/bin/mkdir -p
configure:4100: checking for gawk
configure:4121: found /usr/bin/gawk
configure:4133: result: gawk
configure:4144: checking whether make sets $(MAKE)
configure:4168: result: yes
configure:4194: checking whether make supports nested variables
configure:4213: result: yes
configure:4227: checking xargs -n works
configure:4243: result: yes
configure:4328: checking whether UID '197609' is supported by ustar format
configure:4334: result: yes
configure:4341: checking whether GID '197121' is supported by ustar format
configure:4347: result: yes
configure:4355: checking how to create a ustar tar archive
configure:4366: tar --version
tar (GNU tar) 1.35
Copyright (C) 2023 Free Software Foundation, Inc.
License GPLv3+: GNU GPL version 3 or later <https://gnu.org/licenses/gpl.html>.
This is free software: you are free to change and redistribute it.
There is NO WARRANTY, to the extent permitted by law.

Written by John Gilmore and Jay Fenlason.
configure:4369: $? = 0
configure:4409: tardir=conftest.dir && eval tar --format=ustar -chf - "$tardir" >conftest.tar
configure:4412: $? = 0
configure:4416: tar -xf - <conftest.tar
configure:4419: $? = 0
configure:4421: cat conftest.dir/file
GrepMe
configure:4424: $? = 0
configure:4439: result: gnutar
configure:5047: checking build system type
configure:5063: result: x86_64-w64-mingw32
configure:5083: checking host system type
configure:5098: result: i686-w64-mingw32
configure:5142: checking for i686-w64-mingw32-cc
configure:5178: result: no
configure:5142: checking for i686-w64-mingw32-gcc
configure:5178: result: no
configure:5142: checking for i686-w64-mingw32-clang
configure:5178: result: no
configure:5192: checking for cc
configure:5213: found /ucrt64/bin/cc
configure:5225: result: cc
configure:5256: checking for C compiler version
configure:5265: cc --version >&5
cc.exe (Rev5, Built by MSYS2 project) 16.1.0
Copyright (C) 2026 Free Software Foundation, Inc.
This is free software; see the source for copying conditions.  There is NO
warranty; not even for MERCHANTABILITY or FITNESS FOR A PARTICULAR PURPOSE.

configure:5276: $? = 0
configure:5265: cc -v >&5
Using built-in specs.
COLLECT_GCC=C:\msys64\ucrt64\bin\cc.exe
COLLECT_LTO_WRAPPER=C:/msys64/ucrt64/bin/../lib/gcc/x86_64-w64-mingw32/16.1.0/lto-wrapper.exe
Target: x86_64-w64-mingw32
Configured with: ../gcc-16.1.0/configure --prefix=/ucrt64 --with-local-prefix=/ucrt64/local --libexecdir=/ucrt64/lib --enable-bootstrap --enable-checking=release --with-arch=nocona --with-tune=generic --enable-mingw-wildcard --enable-languages=c,c++,ada,fortran,lto,objc,obj-c++,jit --enable-shared --enable-static --enable-libatomic --enable-threads=posix --enable-tls --enable-graphite --enable-fully-dynamic-string --enable-libstdcxx-backtrace=yes --enable-libstdcxx-filesystem-ts --enable-libstdcxx-time --disable-libstdcxx-pch --enable-libgomp --disable-libssp --disable-multilib --disable-rpath --disable-win32-registry --disable-nls --disable-werror --disable-symvers --with-libiconv --with-system-zlib --with-gmp=/ucrt64 --with-mpfr=/ucrt64 --with-mpc=/ucrt64 --with-isl=/ucrt64 --with-pkgversion='Rev5, Built by MSYS2 project' --with-bugurl=https://github.com/msys2/MINGW-packages/issues --with-gnu-as --with-gnu-ld --with-libstdcxx-zoneinfo=yes --disable-libstdcxx-debug --enable-lto --with-boot-ldflags=-static-libstdc++ --with-stage1-ldflags=-static-libstdc++
Thread model: posix
Supported LTO compression algorithms: zlib zstd
gcc version 16.1.0 (Rev5, Built by MSYS2 project) 
configure:5276: $? = 0
configure:5265: cc -V >&5
cc.exe: error: unrecognized command-line option '-V'
cc.exe: fatal error: no input files
compilation terminated.
configure:5276: $? = 1
configure:5265: cc -qversion >&5
cc.exe: error: unrecognized command-line option '-qversion'; did you mean '--version'?
cc.exe: fatal error: no input files
compilation terminated.
configure:5276: $? = 1
configure:5265: cc -version >&5
cc.exe: error: unrecognized command-line option '-version'
cc.exe: fatal error: no input files
compilation terminated.
configure:5276: $? = 1
configure:5296: checking whether the C compiler works
configure:5318: cc    conftest.c  >&5
configure:5322: $? = 0
configure:5373: result: yes
configure:5377: checking for C compiler default output file name
configure:5379: result: a.exe
configure:5385: checking for suffix of executables
configure:5392: cc -o conftest.exe    conftest.c  >&5
configure:5396: $? = 0
configure:5420: result: .exe
configure:5444: checking whether we are cross compiling
configure:5452: cc -o conftest.exe    conftest.c  >&5
configure:5456: $? = 0
configure:5463: ./conftest.exe
configure:5467: $? = 0
configure:5482: result: no
configure:5488: checking for suffix of object files
configure:5511: cc -c   conftest.c >&5
configure:5515: $? = 0
configure:5539: result: o
configure:5543: checking whether the compiler supports GNU C
configure:5563: cc -c   conftest.c >&5
configure:5563: $? = 0
configure:5575: result: yes
configure:5586: checking whether cc accepts -g
configure:5607: cc -c -g  conftest.c >&5
configure:5607: $? = 0
configure:5654: result: yes
configure:5674: checking for cc option to enable C23 features
configure:5689: cc  -c   conftest.c >&5
conftest.c:75:11: error: unknown type name 'nullptr_t'
   75 | constexpr nullptr_t null_pointer = nullptr;
      |           ^~~~~~~~~
conftest.c:75:36: error: incompatible types when initializing type 'int' using type 'typeof (nullptr)'
   75 | constexpr nullptr_t null_pointer = nullptr;
      |                                    ^~~~~~~
configure:5689: $? = 1
configure: failed program was:
| /* confdefs.h */
| #define PACKAGE_NAME "vice"
| #define PACKAGE_TARNAME "vice"
| #define PACKAGE_VERSION "3.10"
| #define PACKAGE_STRING "vice 3.10"
| #define PACKAGE_BUGREPORT ""
| #define PACKAGE_URL ""
| #define CONFIGURE_FLAGS "--host=i686-w64-mingw32 --enable-native-tools"
| #define PACKAGE "vice"
| #define VERSION "3.10"
| /* end confdefs.h.  */
| 
| /* Does the compiler advertise conformance to C17 or earlier?
|    Although GCC 14 does not do that, even with -std=gnu23,
|    it is close enough, and defines __STDC_VERSION == 202000L.  */
| #if !defined __STDC_VERSION__ || __STDC_VERSION__ <= 201710L
| # error "Compiler advertises conformance to C17 or earlier"
| #endif
| 
| // Check alignas.
| char alignas (double) c23_aligned_as_double;
| char alignas (0) c23_no_special_alignment;
| extern char c23_aligned_as_int;
| char alignas (0) alignas (int) c23_aligned_as_int;
| 
| // Check alignof.
| enum
| {
|   c23_int_alignment = alignof (int),
|   c23_int_array_alignment = alignof (int[100]),
|   c23_char_alignment = alignof (char)
| };
| static_assert (0 < -alignof (int), "alignof is signed");
| 
| int function_with_unnamed_parameter (int) { return 0; }
| 
| void c23_noreturn ();
| 
| /* Test parsing of string and char UTF-8 literals (including hex escapes).
|    The parens pacify GCC 15.  */
| bool use_u8 = (!sizeof u8"\xFF") == (!u8'x');
| 
| bool check_that_bool_works = true | false | !nullptr;
| #if !true
| # error "true does not work in #if"
| #endif
| #if false
| #elifdef __STDC_VERSION__
| #else
| # error "#elifdef does not work"
| #endif
| 
| #ifndef __has_c_attribute
| # error "__has_c_attribute not defined"
| #endif
| 
| #ifndef __has_include
| # error "__has_include not defined"
| #endif
| 
| #define LPAREN() (
| #define FORTY_TWO(x) 42
| #define VA_OPT_TEST(r, x, ...) __VA_OPT__ (FORTY_TWO r x))
| static_assert (VA_OPT_TEST (LPAREN (), 0, <:-) == 42);
| 
| static_assert (0b101010 == 42);
| static_assert (0B101010 == 42);
| static_assert (0xDEAD'BEEF == 3'735'928'559);
| static_assert (0.500'000'000 == 0.5);
| 
| enum unsignedish : unsigned int { uione = 1 };
| static_assert (0 < -uione);
| 
| #include <stddef.h>
| constexpr nullptr_t null_pointer = nullptr;
| 
| static typeof (1 + 1L) two () { return 2; }
| static long int three () { return 3; }
| 
| 
| int
| main (int, char **)
| {
|   int ok = 0;
|   
|   {
|     label_before_declaration:
|       int arr[10] = {};
|       if (arr[0])
|         goto label_before_declaration;
|       if (!arr[0])
|         goto label_at_end_of_block;
|     label_at_end_of_block:
|   }
|   ok |= !null_pointer;
|   ok |= two != three;
| 
|   return ok;
| }
| 
configure:5689: cc -std=gnu23 -c   conftest.c >&5
conftest.c:75:11: error: unknown type name 'nullptr_t'
   75 | constexpr nullptr_t null_pointer = nullptr;
      |           ^~~~~~~~~
conftest.c:75:36: error: incompatible types when initializing type 'int' using type 'typeof (nullptr)'
   75 | constexpr nullptr_t null_pointer = nullptr;
      |                                    ^~~~~~~
configure:5689: $? = 1
configure: failed program was:
| /* confdefs.h */
| #define PACKAGE_NAME "vice"
| #define PACKAGE_TARNAME "vice"
| #define PACKAGE_VERSION "3.10"
| #define PACKAGE_STRING "vice 3.10"
| #define PACKAGE_BUGREPORT ""
| #define PACKAGE_URL ""
| #define CONFIGURE_FLAGS "--host=i686-w64-mingw32 --enable-native-tools"
| #define PACKAGE "vice"
| #define VERSION "3.10"
| /* end confdefs.h.  */
| 
| /* Does the compiler advertise conformance to C17 or earlier?
|    Although GCC 14 does not do that, even with -std=gnu23,
|    it is close enough, and defines __STDC_VERSION == 202000L.  */
| #if !defined __STDC_VERSION__ || __STDC_VERSION__ <= 201710L
| # error "Compiler advertises conformance to C17 or earlier"
| #endif
| 
| // Check alignas.
| char alignas (double) c23_aligned_as_double;
| char alignas (0) c23_no_special_alignment;
| extern char c23_aligned_as_int;
| char alignas (0) alignas (int) c23_aligned_as_int;
| 
| // Check alignof.
| enum
| {
|   c23_int_alignment = alignof (int),
|   c23_int_array_alignment = alignof (int[100]),
|   c23_char_alignment = alignof (char)
| };
| static_assert (0 < -alignof (int), "alignof is signed");
| 
| int function_with_unnamed_parameter (int) { return 0; }
| 
| void c23_noreturn ();
| 
| /* Test parsing of string and char UTF-8 literals (including hex escapes).
|    The parens pacify GCC 15.  */
| bool use_u8 = (!sizeof u8"\xFF") == (!u8'x');
| 
| bool check_that_bool_works = true | false | !nullptr;
| #if !true
| # error "true does not work in #if"
| #endif
| #if false
| #elifdef __STDC_VERSION__
| #else
| # error "#elifdef does not work"
| #endif
| 
| #ifndef __has_c_attribute
| # error "__has_c_attribute not defined"
| #endif
| 
| #ifndef __has_include
| # error "__has_include not defined"
| #endif
| 
| #define LPAREN() (
| #define FORTY_TWO(x) 42
| #define VA_OPT_TEST(r, x, ...) __VA_OPT__ (FORTY_TWO r x))
| static_assert (VA_OPT_TEST (LPAREN (), 0, <:-) == 42);
| 
| static_assert (0b101010 == 42);
| static_assert (0B101010 == 42);
| static_assert (0xDEAD'BEEF == 3'735'928'559);
| static_assert (0.500'000'000 == 0.5);
| 
| enum unsignedish : unsigned int { uione = 1 };
| static_assert (0 < -uione);
| 
| #include <stddef.h>
| constexpr nullptr_t null_pointer = nullptr;
| 
| static typeof (1 + 1L) two () { return 2; }
| static long int three () { return 3; }
| 
| 
| int
| main (int, char **)
| {
|   int ok = 0;
|   
|   {
|     label_before_declaration:
|       int arr[10] = {};
|       if (arr[0])
|         goto label_before_declaration;
|       if (!arr[0])
|         goto label_at_end_of_block;
|     label_at_end_of_block:
|   }
|   ok |= !null_pointer;
|   ok |= two != three;
| 
|   return ok;
| }
| 
configure:5703: result: unsupported
configure:5723: checking for cc option to enable C11 features
configure:5738: cc  -c   conftest.c >&5
configure:5738: $? = 0
configure:5757: result: none needed
configure:5881: checking whether cc understands -c and -o together
configure:5904: cc -c conftest.c -o conftest2.o
configure:5907: $? = 0
configure:5904: cc -c conftest.c -o conftest2.o
configure:5907: $? = 0
configure:5923: result: yes
configure:5943: checking whether make supports the include directive
configure:5958: make -f confmf.GNU && cat confinc.out
this is the am__doit target
configure:5961: $? = 0
configure:5980: result: yes (GNU style)
configure:6006: checking dependency style of cc
configure:6119: result: gcc3
configure:6145: checking how to run the C preprocessor
configure:6171: cc -E  conftest.c
configure:6171: $? = 0
configure:6187: cc -E  conftest.c
conftest.c:12:10: fatal error: ac_nonexistent.h: No such file or directory
   12 | #include <ac_nonexistent.h>
      |          ^~~~~~~~~~~~~~~~~~
compilation terminated.
configure:6187: $? = 1
configure: failed program was:
| /* confdefs.h */
| #define PACKAGE_NAME "vice"
| #define PACKAGE_TARNAME "vice"
| #define PACKAGE_VERSION "3.10"
| #define PACKAGE_STRING "vice 3.10"
| #define PACKAGE_BUGREPORT ""
| #define PACKAGE_URL ""
| #define CONFIGURE_FLAGS "--host=i686-w64-mingw32 --enable-native-tools"
| #define PACKAGE "vice"
| #define VERSION "3.10"
| /* end confdefs.h.  */
| #include <ac_nonexistent.h>
configure:6216: result: cc -E
configure:6230: cc -E  conftest.c
configure:6230: $? = 0
configure:6246: cc -E  conftest.c
conftest.c:12:10: fatal error: ac_nonexistent.h: No such file or directory
   12 | #include <ac_nonexistent.h>
      |          ^~~~~~~~~~~~~~~~~~
compilation terminated.
configure:6246: $? = 1
configure: failed program was:
| /* confdefs.h */
| #define PACKAGE_NAME "vice"
| #define PACKAGE_TARNAME "vice"
| #define PACKAGE_VERSION "3.10"
| #define PACKAGE_STRING "vice 3.10"
| #define PACKAGE_BUGREPORT ""
| #define PACKAGE_URL ""
| #define CONFIGURE_FLAGS "--host=i686-w64-mingw32 --enable-native-tools"
| #define PACKAGE "vice"
| #define VERSION "3.10"
| /* end confdefs.h.  */
| #include <ac_nonexistent.h>
configure:6292: checking for i686-w64-mingw32-c++
configure:6328: result: no
configure:6292: checking for i686-w64-mingw32-g++
configure:6328: result: no
configure:6292: checking for i686-w64-mingw32-clang++
configure:6328: result: no
configure:6342: checking for c++
configure:6363: found /ucrt64/bin/c++
configure:6375: result: c++
configure:6402: checking for C++ compiler version
configure:6411: c++ --version >&5
c++.exe (Rev5, Built by MSYS2 project) 16.1.0
Copyright (C) 2026 Free Software Foundation, Inc.
This is free software; see the source for copying conditions.  There is NO
warranty; not even for MERCHANTABILITY or FITNESS FOR A PARTICULAR PURPOSE.

configure:6422: $? = 0
configure:6411: c++ -v >&5
Using built-in specs.
COLLECT_GCC=C:\msys64\ucrt64\bin\c++.exe
COLLECT_LTO_WRAPPER=C:/msys64/ucrt64/bin/../lib/gcc/x86_64-w64-mingw32/16.1.0/lto-wrapper.exe
Target: x86_64-w64-mingw32
Configured with: ../gcc-16.1.0/configure --prefix=/ucrt64 --with-local-prefix=/ucrt64/local --libexecdir=/ucrt64/lib --enable-bootstrap --enable-checking=release --with-arch=nocona --with-tune=generic --enable-mingw-wildcard --enable-languages=c,c++,ada,fortran,lto,objc,obj-c++,jit --enable-shared --enable-static --enable-libatomic --enable-threads=posix --enable-tls --enable-graphite --enable-fully-dynamic-string --enable-libstdcxx-backtrace=yes --enable-libstdcxx-filesystem-ts --enable-libstdcxx-time --disable-libstdcxx-pch --enable-libgomp --disable-libssp --disable-multilib --disable-rpath --disable-win32-registry --disable-nls --disable-werror --disable-symvers --with-libiconv --with-system-zlib --with-gmp=/ucrt64 --with-mpfr=/ucrt64 --with-mpc=/ucrt64 --with-isl=/ucrt64 --with-pkgversion='Rev5, Built by MSYS2 project' --with-bugurl=https://github.com/msys2/MINGW-packages/issues --with-gnu-as --with-gnu-ld --with-libstdcxx-zoneinfo=yes --disable-libstdcxx-debug --enable-lto --with-boot-ldflags=-static-libstdc++ --with-stage1-ldflags=-static-libstdc++
Thread model: posix
Supported LTO compression algorithms: zlib zstd
gcc version 16.1.0 (Rev5, Built by MSYS2 project) 
configure:6422: $? = 0
configure:6411: c++ -V >&5
c++.exe: error: unrecognized command-line option '-V'
c++.exe: fatal error: no input files
compilation terminated.
configure:6422: $? = 1
configure:6411: c++ -qversion >&5
c++.exe: error: unrecognized command-line option '-qversion'; did you mean '--version'?
c++.exe: fatal error: no input files
compilation terminated.
configure:6422: $? = 1
configure:6426: checking whether the compiler supports GNU C++
configure:6446: c++ -c   conftest.cpp >&5
configure:6446: $? = 0
configure:6458: result: yes
configure:6469: checking whether c++ accepts -g
configure:6490: c++ -c -g  conftest.cpp >&5
configure:6490: $? = 0
configure:6537: result: yes
configure:6562: checking dependency style of c++
configure:6675: result: gcc3
configure:6705: checking whether c++ supports C++11 features with -std=c++11
configure:7002: c++ -std=c++11 -c   conftest.cpp >&5
configure:7002: $? = 0
configure:7014: result: yes
configure:7058: checking how to run the C++ preprocessor
configure:7080: c++ -std=c++11 -E  conftest.cpp
configure:7080: $? = 0
configure:7096: c++ -std=c++11 -E  conftest.cpp
conftest.cpp:13:10: fatal error: ac_nonexistent.h: No such file or directory
   13 | #include <ac_nonexistent.h>
      |          ^~~~~~~~~~~~~~~~~~
compilation terminated.
configure:7096: $? = 1
configure: failed program was:
| /* confdefs.h */
| #define PACKAGE_NAME "vice"
| #define PACKAGE_TARNAME "vice"
| #define PACKAGE_VERSION "3.10"
| #define PACKAGE_STRING "vice 3.10"
| #define PACKAGE_BUGREPORT ""
| #define PACKAGE_URL ""
| #define CONFIGURE_FLAGS "--host=i686-w64-mingw32 --enable-native-tools"
| #define PACKAGE "vice"
| #define VERSION "3.10"
| #define HAVE_CXX11 1
| /* end confdefs.h.  */
| #include <ac_nonexistent.h>
configure:7125: result: c++ -std=c++11 -E
configure:7139: c++ -std=c++11 -E  conftest.cpp
configure:7139: $? = 0
configure:7155: c++ -std=c++11 -E  conftest.cpp
conftest.cpp:13:10: fatal error: ac_nonexistent.h: No such file or directory
   13 | #include <ac_nonexistent.h>
      |          ^~~~~~~~~~~~~~~~~~
compilation terminated.
configure:7155: $? = 1
configure: failed program was:
| /* confdefs.h */
| #define PACKAGE_NAME "vice"
| #define PACKAGE_TARNAME "vice"
| #define PACKAGE_VERSION "3.10"
| #define PACKAGE_STRING "vice 3.10"
| #define PACKAGE_BUGREPORT ""
| #define PACKAGE_URL ""
| #define CONFIGURE_FLAGS "--host=i686-w64-mingw32 --enable-native-tools"
| #define PACKAGE "vice"
| #define VERSION "3.10"
| #define HAVE_CXX11 1
| /* end confdefs.h.  */
| #include <ac_nonexistent.h>
configure:7197: checking for i686-w64-mingw32-cc
configure:7233: result: no
configure:7197: checking for i686-w64-mingw32-gcc
configure:7233: result: no
configure:7197: checking for i686-w64-mingw32-clang
configure:7233: result: no
configure:7247: checking for cc
configure:7268: found /ucrt64/bin/cc
configure:7280: result: cc
configure:7305: checking for Objective C compiler version
configure:7314: cc --version >&5
cc.exe (Rev5, Built by MSYS2 project) 16.1.0
Copyright (C) 2026 Free Software Foundation, Inc.
This is free software; see the source for copying conditions.  There is NO
warranty; not even for MERCHANTABILITY or FITNESS FOR A PARTICULAR PURPOSE.

configure:7325: $? = 0
configure:7314: cc -v >&5
Using built-in specs.
COLLECT_GCC=C:\msys64\ucrt64\bin\cc.exe
COLLECT_LTO_WRAPPER=C:/msys64/ucrt64/bin/../lib/gcc/x86_64-w64-mingw32/16.1.0/lto-wrapper.exe
Target: x86_64-w64-mingw32
Configured with: ../gcc-16.1.0/configure --prefix=/ucrt64 --with-local-prefix=/ucrt64/local --libexecdir=/ucrt64/lib --enable-bootstrap --enable-checking=release --with-arch=nocona --with-tune=generic --enable-mingw-wildcard --enable-languages=c,c++,ada,fortran,lto,objc,obj-c++,jit --enable-shared --enable-static --enable-libatomic --enable-threads=posix --enable-tls --enable-graphite --enable-fully-dynamic-string --enable-libstdcxx-backtrace=yes --enable-libstdcxx-filesystem-ts --enable-libstdcxx-time --disable-libstdcxx-pch --enable-libgomp --disable-libssp --disable-multilib --disable-rpath --disable-win32-registry --disable-nls --disable-werror --disable-symvers --with-libiconv --with-system-zlib --with-gmp=/ucrt64 --with-mpfr=/ucrt64 --with-mpc=/ucrt64 --with-isl=/ucrt64 --with-pkgversion='Rev5, Built by MSYS2 project' --with-bugurl=https://github.com/msys2/MINGW-packages/issues --with-gnu-as --with-gnu-ld --with-libstdcxx-zoneinfo=yes --disable-libstdcxx-debug --enable-lto --with-boot-ldflags=-static-libstdc++ --with-stage1-ldflags=-static-libstdc++
Thread model: posix
Supported LTO compression algorithms: zlib zstd
gcc version 16.1.0 (Rev5, Built by MSYS2 project) 
configure:7325: $? = 0
configure:7314: cc -V >&5
cc.exe: error: unrecognized command-line option '-V'
cc.exe: fatal error: no input files
compilation terminated.
configure:7325: $? = 1
configure:7314: cc -qversion >&5
cc.exe: error: unrecognized command-line option '-qversion'; did you mean '--version'?
cc.exe: fatal error: no input files
compilation terminated.
configure:7325: $? = 1
configure:7329: checking whether the compiler supports GNU Objective C
configure:7349: cc -c   conftest.m >&5
cc.exe: fatal error: cannot execute 'cc1obj': CreateProcess: No such file or directory
compilation terminated.
configure:7349: $? = 1
configure: failed program was:
| /* confdefs.h */
| #define PACKAGE_NAME "vice"
| #define PACKAGE_TARNAME "vice"
| #define PACKAGE_VERSION "3.10"
| #define PACKAGE_STRING "vice 3.10"
| #define PACKAGE_BUGREPORT ""
| #define PACKAGE_URL ""
| #define CONFIGURE_FLAGS "--host=i686-w64-mingw32 --enable-native-tools"
| #define PACKAGE "vice"
| #define VERSION "3.10"
| #define HAVE_CXX11 1
| /* end confdefs.h.  */
| 
| int
| main (void)
| {
| #ifndef __GNUC__
|        choke me
| #endif
| 
|   ;
|   return 0;
| }
configure:7361: result: no
configure:7372: checking whether cc accepts -g
configure:7393: cc -c -g  conftest.m >&5
cc.exe: fatal error: cannot execute 'cc1obj': CreateProcess: No such file or directory
compilation terminated.
configure:7393: $? = 1
configure: failed program was:
| /* confdefs.h */
| #define PACKAGE_NAME "vice"
| #define PACKAGE_TARNAME "vice"
| #define PACKAGE_VERSION "3.10"
| #define PACKAGE_STRING "vice 3.10"
| #define PACKAGE_BUGREPORT ""
| #define PACKAGE_URL ""
| #define CONFIGURE_FLAGS "--host=i686-w64-mingw32 --enable-native-tools"
| #define PACKAGE "vice"
| #define VERSION "3.10"
| #define HAVE_CXX11 1
| /* end confdefs.h.  */
| 
| int
| main (void)
| {
| 
|   ;
|   return 0;
| }
configure:7409: cc -c   conftest.m >&5
cc.exe: fatal error: cannot execute 'cc1obj': CreateProcess: No such file or directory
compilation terminated.
configure:7409: $? = 1
configure: failed program was:
| /* confdefs.h */
| #define PACKAGE_NAME "vice"
| #define PACKAGE_TARNAME "vice"
| #define PACKAGE_VERSION "3.10"
| #define PACKAGE_STRING "vice 3.10"
| #define PACKAGE_BUGREPORT ""
| #define PACKAGE_URL ""
| #define CONFIGURE_FLAGS "--host=i686-w64-mingw32 --enable-native-tools"
| #define PACKAGE "vice"
| #define VERSION "3.10"
| #define HAVE_CXX11 1
| /* end confdefs.h.  */
| 
| int
| main (void)
| {
| 
|   ;
|   return 0;
| }
configure:7426: cc -c -g  conftest.m >&5
cc.exe: fatal error: cannot execute 'cc1obj': CreateProcess: No such file or directory
compilation terminated.
configure:7426: $? = 1
configure: failed program was:
| /* confdefs.h */
| #define PACKAGE_NAME "vice"
| #define PACKAGE_TARNAME "vice"
| #define PACKAGE_VERSION "3.10"
| #define PACKAGE_STRING "vice 3.10"
| #define PACKAGE_BUGREPORT ""
| #define PACKAGE_URL ""
| #define CONFIGURE_FLAGS "--host=i686-w64-mingw32 --enable-native-tools"
| #define PACKAGE "vice"
| #define VERSION "3.10"
| #define HAVE_CXX11 1
| /* end confdefs.h.  */
| 
| int
| main (void)
| {
| 
|   ;
|   return 0;
| }
configure:7440: result: no
configure:7465: checking dependency style of cc
configure:7576: result: gcc3
configure:7604: checking if the C compiler supports -W
configure:7621: cc -c -Werror -g -O3 -W -Wno-strict-prototypes  conftest.c >&5
configure:7621: $? = 0
configure:7623: result: yes
configure:7652: checking if the C compiler supports -Wall
configure:7669: cc -c -Werror -g -O3 -W -Wall -Wno-strict-prototypes  conftest.c >&5
configure:7669: $? = 0
configure:7671: result: yes
configure:7700: checking if the C compiler supports -Wextra
configure:7717: cc -c -Werror -g -O3 -W -Wall -Wextra -Wno-strict-prototypes  conftest.c >&5
configure:7717: $? = 0
configure:7719: result: yes
configure:7748: checking if the C compiler supports -Wformat
configure:7765: cc -c -Werror -g -O3 -W -Wall -Wextra -Wformat -Wno-strict-prototypes  conftest.c >&5
configure:7765: $? = 0
configure:7767: result: yes
configure:7796: checking if the C compiler supports -Wformat-signedness
configure:7813: cc -c -Werror -g -O3 -W -Wall -Wextra -Wformat -Wformat-signedness -Wno-strict-prototypes  conftest.c >&5
configure:7813: $? = 0
configure:7815: result: yes
configure:7844: checking if the C compiler supports -Wformat-pedantic
configure:7861: cc -c -Werror -g -O3 -W -Wall -Wextra -Wformat -Wformat-signedness -Wformat-pedantic -Wno-strict-prototypes  conftest.c >&5
cc.exe: error: unrecognized command-line option '-Wformat-pedantic'; did you mean '-Wno-pedantic'?
configure:7861: $? = 1
configure: failed program was:
| /* confdefs.h */
| #define PACKAGE_NAME "vice"
| #define PACKAGE_TARNAME "vice"
| #define PACKAGE_VERSION "3.10"
| #define PACKAGE_STRING "vice 3.10"
| #define PACKAGE_BUGREPORT ""
| #define PACKAGE_URL ""
| #define CONFIGURE_FLAGS "--host=i686-w64-mingw32 --enable-native-tools"
| #define PACKAGE "vice"
| #define VERSION "3.10"
| #define HAVE_CXX11 1
| /* end confdefs.h.  */
| 
| int
| main (void)
| {
| int the_answer = 42; return the_answer;
|   ;
|   return 0;
| }
configure:7867: result: no
configure:7892: checking if the C compiler supports -Wformat-security
configure:7909: cc -c -Werror -g -O3 -W -Wall -Wextra -Wformat -Wformat-signedness -Wformat-security -Wno-strict-prototypes  conftest.c >&5
configure:7909: $? = 0
configure:7911: result: yes
configure:7940: checking if the C compiler supports -Wshadow
configure:7957: cc -c -Werror -g -O3 -W -Wall -Wextra -Wformat -Wformat-signedness -Wformat-security -Wshadow -Wno-strict-prototypes  conftest.c >&5
configure:7957: $? = 0
configure:7959: result: yes
configure:7988: checking if the C compiler supports -Wpointer-arith
configure:8005: cc -c -Werror -g -O3 -W -Wall -Wextra -Wformat -Wformat-signedness -Wformat-security -Wshadow -Wpointer-arith -Wno-strict-prototypes  conftest.c >&5
configure:8005: $? = 0
configure:8007: result: yes
configure:8036: checking if the C compiler supports -Wmissing-prototypes
configure:8053: cc -c -Werror -g -O3 -W -Wall -Wextra -Wformat -Wformat-signedness -Wformat-security -Wshadow -Wpointer-arith -Wmissing-prototypes -Wno-strict-prototypes  conftest.c >&5
configure:8053: $? = 0
configure:8055: result: yes
configure:8084: checking if the C compiler supports -Wstrict-prototypes
configure:8101: cc -c -Werror -g -O3 -W -Wall -Wextra -Wformat -Wformat-signedness -Wformat-security -Wshadow -Wpointer-arith -Wmissing-prototypes -Wstrict-prototypes -Wno-strict-prototypes  conftest.c >&5
configure:8101: $? = 0
configure:8103: result: yes
configure:8132: checking if the C compiler supports -Wuninitialized
configure:8149: cc -c -Werror -g -O3 -W -Wall -Wextra -Wformat -Wformat-signedness -Wformat-security -Wshadow -Wpointer-arith -Wmissing-prototypes -Wstrict-prototypes -Wuninitialized -Wno-strict-prototypes  conftest.c >&5
configure:8149: $? = 0
configure:8151: result: yes
configure:8180: checking if the C compiler supports -Wmissing-field-initializers
configure:8197: cc -c -Werror -g -O3 -W -Wall -Wextra -Wformat -Wformat-signedness -Wformat-security -Wshadow -Wpointer-arith -Wmissing-prototypes -Wstrict-prototypes -Wuninitialized -Wmissing-field-initializers -Wno-strict-prototypes  conftest.c >&5
configure:8197: $? = 0
configure:8199: result: yes
configure:8228: checking if the C compiler supports -Wunreachable-code
configure:8245: cc -c -Werror -g -O3 -W -Wall -Wextra -Wformat -Wformat-signedness -Wformat-security -Wshadow -Wpointer-arith -Wmissing-prototypes -Wstrict-prototypes -Wuninitialized -Wmissing-field-initializers -Wunreachable-code -Wno-strict-prototypes  conftest.c >&5
configure:8245: $? = 0
configure:8247: result: yes
configure:8276: checking if the C compiler supports -Wmacro-redefined
configure:8293: cc -c -Werror -g -O3 -W -Wall -Wextra -Wformat -Wformat-signedness -Wformat-security -Wshadow -Wpointer-arith -Wmissing-prototypes -Wstrict-prototypes -Wuninitialized -Wmissing-field-initializers -Wunreachable-code -Wmacro-redefined -Wno-strict-prototypes  conftest.c >&5
cc.exe: error: unrecognized command-line option '-Wmacro-redefined'; did you mean '-Wbuiltin-macro-redefined'?
configure:8293: $? = 1
configure: failed program was:
| /* confdefs.h */
| #define PACKAGE_NAME "vice"
| #define PACKAGE_TARNAME "vice"
| #define PACKAGE_VERSION "3.10"
| #define PACKAGE_STRING "vice 3.10"
| #define PACKAGE_BUGREPORT ""
| #define PACKAGE_URL ""
| #define CONFIGURE_FLAGS "--host=i686-w64-mingw32 --enable-native-tools"
| #define PACKAGE "vice"
| #define VERSION "3.10"
| #define HAVE_CXX11 1
| /* end confdefs.h.  */
| 
| int
| main (void)
| {
| int the_answer = 42; return the_answer;
|   ;
|   return 0;
| }
configure:8299: result: no
configure:8324: checking if the C compiler supports -Werror=implicit-function-declaration
configure:8341: cc -c -Werror -g -O3 -W -Wall -Wextra -Wformat -Wformat-signedness -Wformat-security -Wshadow -Wpointer-arith -Wmissing-prototypes -Wstrict-prototypes -Wuninitialized -Wmissing-field-initializers -Wunreachable-code -Werror=implicit-function-declaration -Wno-strict-prototypes  conftest.c >&5
configure:8341: $? = 0
configure:8343: result: yes
configure:8372: checking if the C compiler supports -Wfatal-errors
configure:8389: cc -c -Werror -g -O3 -W -Wall -Wextra -Wformat -Wformat-signedness -Wformat-security -Wshadow -Wpointer-arith -Wmissing-prototypes -Wstrict-prototypes -Wuninitialized -Wmissing-field-initializers -Wunreachable-code -Werror=implicit-function-declaration -Wfatal-errors -Wno-strict-prototypes  conftest.c >&5
configure:8389: $? = 0
configure:8391: result: yes
configure:8420: checking if the C compiler supports -fdiagnostics-absolute-paths
configure:8437: cc -c -Werror -g -O3 -W -Wall -Wextra -Wformat -Wformat-signedness -Wformat-security -Wshadow -Wpointer-arith -Wmissing-prototypes -Wstrict-prototypes -Wuninitialized -Wmissing-field-initializers -Wunreachable-code -Werror=implicit-function-declaration -Wfatal-errors -fdiagnostics-absolute-paths -Wno-strict-prototypes  conftest.c >&5
cc.exe: error: unrecognized command-line option '-fdiagnostics-absolute-paths'; did you mean '-fdiagnostics-generate-patch'?
configure:8437: $? = 1
configure: failed program was:
| /* confdefs.h */
| #define PACKAGE_NAME "vice"
| #define PACKAGE_TARNAME "vice"
| #define PACKAGE_VERSION "3.10"
| #define PACKAGE_STRING "vice 3.10"
| #define PACKAGE_BUGREPORT ""
| #define PACKAGE_URL ""
| #define CONFIGURE_FLAGS "--host=i686-w64-mingw32 --enable-native-tools"
| #define PACKAGE "vice"
| #define VERSION "3.10"
| #define HAVE_CXX11 1
| /* end confdefs.h.  */
| 
| int
| main (void)
| {
| int the_answer = 42; return the_answer;
|   ;
|   return 0;
| }
configure:8443: result: no
configure:8468: checking if the C compiler supports -Wshorten-64-to-32
configure:8485: cc -c -Werror -g -O3 -W -Wall -Wextra -Wformat -Wformat-signedness -Wformat-security -Wshadow -Wpointer-arith -Wmissing-prototypes -Wstrict-prototypes -Wuninitialized -Wmissing-field-initializers -Wunreachable-code -Werror=implicit-function-declaration -Wfatal-errors -Wshorten-64-to-32 -Wno-strict-prototypes  conftest.c >&5
cc.exe: error: unrecognized command-line option '-Wshorten-64-to-32'
configure:8485: $? = 1
configure: failed program was:
| /* confdefs.h */
| #define PACKAGE_NAME "vice"
| #define PACKAGE_TARNAME "vice"
| #define PACKAGE_VERSION "3.10"
| #define PACKAGE_STRING "vice 3.10"
| #define PACKAGE_BUGREPORT ""
| #define PACKAGE_URL ""
| #define CONFIGURE_FLAGS "--host=i686-w64-mingw32 --enable-native-tools"
| #define PACKAGE "vice"
| #define VERSION "3.10"
| #define HAVE_CXX11 1
| /* end confdefs.h.  */
| 
| int
| main (void)
| {
| int the_answer = 42; return the_answer;
|   ;
|   return 0;
| }
configure:8491: result: no
configure:8516: checking if the C compiler supports -Wdiscarded-qualifiers
configure:8533: cc -c -Werror -g -O3 -W -Wall -Wextra -Wformat -Wformat-signedness -Wformat-security -Wshadow -Wpointer-arith -Wmissing-prototypes -Wstrict-prototypes -Wuninitialized -Wmissing-field-initializers -Wunreachable-code -Werror=implicit-function-declaration -Wfatal-errors -Wdiscarded-qualifiers -Wno-strict-prototypes  conftest.c >&5
configure:8533: $? = 0
configure:8535: result: yes
configure:8564: checking if the C compiler supports -Wno-unknown-pragmas
configure:8581: cc -c -Werror -g -O3 -W -Wall -Wextra -Wformat -Wformat-signedness -Wformat-security -Wshadow -Wpointer-arith -Wmissing-prototypes -Wstrict-prototypes -Wuninitialized -Wmissing-field-initializers -Wunreachable-code -Werror=implicit-function-declaration -Wfatal-errors -Wdiscarded-qualifiers -Wno-unknown-pragmas -Wno-strict-prototypes  conftest.c >&5
configure:8581: $? = 0
configure:8583: result: yes
configure:8612: checking if the C compiler supports -Wunused-but-set-variable
configure:8629: cc -c -Werror -g -O3 -W -Wall -Wextra -Wformat -Wformat-signedness -Wformat-security -Wshadow -Wpointer-arith -Wmissing-prototypes -Wstrict-prototypes -Wuninitialized -Wmissing-field-initializers -Wunreachable-code -Werror=implicit-function-declaration -Wfatal-errors -Wdiscarded-qualifiers -Wno-unknown-pragmas -Wunused-but-set-variable -Wno-strict-prototypes  conftest.c >&5
configure:8629: $? = 0
configure:8631: result: yes
configure:8663: checking if the C compiler supports -Wno-sign-compare
configure:8680: cc -c -Werror -g -O3 -W -Wall -Wextra -Wformat -Wformat-signedness -Wformat-security -Wshadow -Wpointer-arith -Wmissing-prototypes -Wstrict-prototypes -Wuninitialized -Wmissing-field-initializers -Wunreachable-code -Werror=implicit-function-declaration -Wfatal-errors -Wdiscarded-qualifiers -Wno-unknown-pragmas -Wunused-but-set-variable -Wno-sign-compare -Wno-strict-prototypes  conftest.c >&5
configure:8680: $? = 0
configure:8682: result: yes
configure:8711: checking if the C compiler supports -Wno-ignored-qualifiers
configure:8728: cc -c -Werror -g -O3 -W -Wall -Wextra -Wformat -Wformat-signedness -Wformat-security -Wshadow -Wpointer-arith -Wmissing-prototypes -Wstrict-prototypes -Wuninitialized -Wmissing-field-initializers -Wunreachable-code -Werror=implicit-function-declaration -Wfatal-errors -Wdiscarded-qualifiers -Wno-unknown-pragmas -Wunused-but-set-variable -Wno-sign-compare -Wno-ignored-qualifiers -Wno-strict-prototypes  conftest.c >&5
configure:8728: $? = 0
configure:8730: result: yes
configure:8759: checking if the C compiler supports -Wno-unused-parameter
configure:8776: cc -c -Werror -g -O3 -W -Wall -Wextra -Wformat -Wformat-signedness -Wformat-security -Wshadow -Wpointer-arith -Wmissing-prototypes -Wstrict-prototypes -Wuninitialized -Wmissing-field-initializers -Wunreachable-code -Werror=implicit-function-declaration -Wfatal-errors -Wdiscarded-qualifiers -Wno-unknown-pragmas -Wunused-but-set-variable -Wno-sign-compare -Wno-ignored-qualifiers -Wno-unused-parameter -Wno-strict-prototypes  conftest.c >&5
configure:8776: $? = 0
configure:8778: result: yes
configure:8811: checking if the C++ compiler supports -Wall
configure:8828: c++ -std=c++11 -c -Werror -g -O3 -Wall  conftest.cpp >&5
configure:8828: $? = 0
configure:8830: result: yes
configure:8859: checking if the C++ compiler supports -Wformat
configure:8876: c++ -std=c++11 -c -Werror -g -O3 -Wall -Wformat  conftest.cpp >&5
configure:8876: $? = 0
configure:8878: result: yes
configure:8907: checking if the C++ compiler supports -Wformat-pedantic
configure:8924: c++ -std=c++11 -c -Werror -g -O3 -Wall -Wformat -Wformat-pedantic  conftest.cpp >&5
c++.exe: error: unrecognized command-line option '-Wformat-pedantic'; did you mean '-Wno-pedantic'?
configure:8924: $? = 1
configure: failed program was:
| /* confdefs.h */
| #define PACKAGE_NAME "vice"
| #define PACKAGE_TARNAME "vice"
| #define PACKAGE_VERSION "3.10"
| #define PACKAGE_STRING "vice 3.10"
| #define PACKAGE_BUGREPORT ""
| #define PACKAGE_URL ""
| #define CONFIGURE_FLAGS "--host=i686-w64-mingw32 --enable-native-tools"
| #define PACKAGE "vice"
| #define VERSION "3.10"
| #define HAVE_CXX11 1
| /* end confdefs.h.  */
| 
| int
| main (void)
| {
| int the_answer = 42; return the_answer;
|   ;
|   return 0;
| }
configure:8930: result: no
configure:8955: checking if the C++ compiler supports -Wshadow
configure:8972: c++ -std=c++11 -c -Werror -g -O3 -Wall -Wformat -Wshadow  conftest.cpp >&5
configure:8972: $? = 0
configure:8974: result: yes
configure:9003: checking if the C++ compiler supports -Wpointer-arith
configure:9020: c++ -std=c++11 -c -Werror -g -O3 -Wall -Wformat -Wshadow -Wpointer-arith  conftest.cpp >&5
configure:9020: $? = 0
configure:9022: result: yes
configure:9051: checking if the C++ compiler supports -Wuninitialized
configure:9068: c++ -std=c++11 -c -Werror -g -O3 -Wall -Wformat -Wshadow -Wpointer-arith -Wuninitialized  conftest.cpp >&5
configure:9068: $? = 0
configure:9070: result: yes
configure:9099: checking if the C++ compiler supports -Wunreachable-code
configure:9116: c++ -std=c++11 -c -Werror -g -O3 -Wall -Wformat -Wshadow -Wpointer-arith -Wuninitialized -Wunreachable-code  conftest.cpp >&5
configure:9116: $? = 0
configure:9118: result: yes
configure:9147: checking if the C++ compiler supports -Wno-unused-parameter
configure:9164: c++ -std=c++11 -c -Werror -g -O3 -Wall -Wformat -Wshadow -Wpointer-arith -Wuninitialized -Wunreachable-code -Wno-unused-parameter  conftest.cpp >&5
configure:9164: $? = 0
configure:9166: result: yes
configure:9195: checking if the C++ compiler supports -Wmissing-prototypes
configure:9212: c++ -std=c++11 -c -Werror -g -O3 -Wall -Wformat -Wshadow -Wpointer-arith -Wuninitialized -Wunreachable-code -Wno-unused-parameter -Wmissing-prototypes  conftest.cpp >&5
cc1plus.exe: error: command-line option '-Wmissing-prototypes' is valid for C/ObjC but not for C++ [-Werror]
cc1plus.exe: all warnings being treated as errors
configure:9212: $? = 1
configure: failed program was:
| /* confdefs.h */
| #define PACKAGE_NAME "vice"
| #define PACKAGE_TARNAME "vice"
| #define PACKAGE_VERSION "3.10"
| #define PACKAGE_STRING "vice 3.10"
| #define PACKAGE_BUGREPORT ""
| #define PACKAGE_URL ""
| #define CONFIGURE_FLAGS "--host=i686-w64-mingw32 --enable-native-tools"
| #define PACKAGE "vice"
| #define VERSION "3.10"
| #define HAVE_CXX11 1
| /* end confdefs.h.  */
| 
| int
| main (void)
| {
| int the_answer = 42; return the_answer;
|   ;
|   return 0;
| }
configure:9218: result: no
configure:9243: checking if the C++ compiler supports -Werror=implicit-function-declaration
configure:9260: c++ -std=c++11 -c -Werror -g -O3 -Wall -Wformat -Wshadow -Wpointer-arith -Wuninitialized -Wunreachable-code -Wno-unused-parameter -Werror=implicit-function-declaration  conftest.cpp >&5
cc1plus.exe: error: '-Werror=' argument '-Werror=implicit-function-declaration' is not valid for C++ [-Werror]
cc1plus.exe: all warnings being treated as errors
configure:9260: $? = 1
configure: failed program was:
| /* confdefs.h */
| #define PACKAGE_NAME "vice"
| #define PACKAGE_TARNAME "vice"
| #define PACKAGE_VERSION "3.10"
| #define PACKAGE_STRING "vice 3.10"
| #define PACKAGE_BUGREPORT ""
| #define PACKAGE_URL ""
| #define CONFIGURE_FLAGS "--host=i686-w64-mingw32 --enable-native-tools"
| #define PACKAGE "vice"
| #define VERSION "3.10"
| #define HAVE_CXX11 1
| /* end confdefs.h.  */
| 
| int
| main (void)
| {
| int the_answer = 42; return the_answer;
|   ;
|   return 0;
| }
configure:9266: result: no
configure:9291: checking if the C++ compiler supports -Wfatal-errors
configure:9308: c++ -std=c++11 -c -Werror -g -O3 -Wall -Wformat -Wshadow -Wpointer-arith -Wuninitialized -Wunreachable-code -Wno-unused-parameter -Wfatal-errors  conftest.cpp >&5
configure:9308: $? = 0
configure:9310: result: yes
configure:9339: checking if the C++ compiler supports -fdiagnostics-absolute-paths
configure:9356: c++ -std=c++11 -c -Werror -g -O3 -Wall -Wformat -Wshadow -Wpointer-arith -Wuninitialized -Wunreachable-code -Wno-unused-parameter -Wfatal-errors -fdiagnostics-absolute-paths  conftest.cpp >&5
c++.exe: error: unrecognized command-line option '-fdiagnostics-absolute-paths'; did you mean '-fdiagnostics-generate-patch'?
configure:9356: $? = 1
configure: failed program was:
| /* confdefs.h */
| #define PACKAGE_NAME "vice"
| #define PACKAGE_TARNAME "vice"
| #define PACKAGE_VERSION "3.10"
| #define PACKAGE_STRING "vice 3.10"
| #define PACKAGE_BUGREPORT ""
| #define PACKAGE_URL ""
| #define CONFIGURE_FLAGS "--host=i686-w64-mingw32 --enable-native-tools"
| #define PACKAGE "vice"
| #define VERSION "3.10"
| #define HAVE_CXX11 1
| /* end confdefs.h.  */
| 
| int
| main (void)
| {
| int the_answer = 42; return the_answer;
|   ;
|   return 0;
| }
configure:9362: result: no
configure:9387: checking if the C++ compiler supports -Wshorten-64-to-32
configure:9404: c++ -std=c++11 -c -Werror -g -O3 -Wall -Wformat -Wshadow -Wpointer-arith -Wuninitialized -Wunreachable-code -Wno-unused-parameter -Wfatal-errors -Wshorten-64-to-32  conftest.cpp >&5
c++.exe: error: unrecognized command-line option '-Wshorten-64-to-32'
configure:9404: $? = 1
configure: failed program was:
| /* confdefs.h */
| #define PACKAGE_NAME "vice"
| #define PACKAGE_TARNAME "vice"
| #define PACKAGE_VERSION "3.10"
| #define PACKAGE_STRING "vice 3.10"
| #define PACKAGE_BUGREPORT ""
| #define PACKAGE_URL ""
| #define CONFIGURE_FLAGS "--host=i686-w64-mingw32 --enable-native-tools"
| #define PACKAGE "vice"
| #define VERSION "3.10"
| #define HAVE_CXX11 1
| /* end confdefs.h.  */
| 
| int
| main (void)
| {
| int the_answer = 42; return the_answer;
|   ;
|   return 0;
| }
configure:9410: result: no
configure:9438: checking if the C++ compiler supports -Wno-address-of-packed-member
configure:9455: c++ -std=c++11 -c -Werror  -Wno-address-of-packed-member  conftest.cpp >&5
configure:9455: $? = 0
configure:9457: result: yes
configure:9486: checking if the C++ compiler supports -Wno-char-subscripts
configure:9503: c++ -std=c++11 -c -Werror  -Wno-address-of-packed-member -Wno-char-subscripts  conftest.cpp >&5
configure:9503: $? = 0
configure:9505: result: yes
configure:9534: checking if the C++ compiler supports -Wno-format-signedness
configure:9551: c++ -std=c++11 -c -Werror  -Wno-address-of-packed-member -Wno-char-subscripts -Wno-format-signedness  conftest.cpp >&5
configure:9551: $? = 0
configure:9553: result: yes
configure:9582: checking if the C++ compiler supports -Wno-missing-prototypes
configure:9599: c++ -std=c++11 -c -Werror  -Wno-address-of-packed-member -Wno-char-subscripts -Wno-format-signedness -Wno-missing-prototypes  conftest.cpp >&5
cc1plus.exe: error: command-line option '-Wno-missing-prototypes' is valid for C/ObjC but not for C++ [-Werror]
cc1plus.exe: all warnings being treated as errors
configure:9599: $? = 1
configure: failed program was:
| /* confdefs.h */
| #define PACKAGE_NAME "vice"
| #define PACKAGE_TARNAME "vice"
| #define PACKAGE_VERSION "3.10"
| #define PACKAGE_STRING "vice 3.10"
| #define PACKAGE_BUGREPORT ""
| #define PACKAGE_URL ""
| #define CONFIGURE_FLAGS "--host=i686-w64-mingw32 --enable-native-tools"
| #define PACKAGE "vice"
| #define VERSION "3.10"
| #define HAVE_CXX11 1
| /* end confdefs.h.  */
| 
| int
| main (void)
| {
| int the_answer = 42; return the_answer;
|   ;
|   return 0;
| }
configure:9605: result: no
configure:9630: checking if the C++ compiler supports -Wno-c99-designator
configure:9647: c++ -std=c++11 -c -Werror  -Wno-address-of-packed-member -Wno-char-subscripts -Wno-format-signedness -Wno-c99-designator  conftest.cpp >&5
configure:9647: $? = 0
configure:9649: result: yes
configure:9678: checking if the C++ compiler supports -Wno-shorten-64-to-32
configure:9695: c++ -std=c++11 -c -Werror  -Wno-address-of-packed-member -Wno-char-subscripts -Wno-format-signedness -Wno-c99-designator -Wno-shorten-64-to-32  conftest.cpp >&5
configure:9695: $? = 0
configure:9697: result: yes
configure:9726: checking if the C++ compiler supports -Wno-nonnull-compare
configure:9743: c++ -std=c++11 -c -Werror  -Wno-address-of-packed-member -Wno-char-subscripts -Wno-format-signedness -Wno-c99-designator -Wno-shorten-64-to-32 -Wno-nonnull-compare  conftest.cpp >&5
configure:9743: $? = 0
configure:9745: result: yes
configure:9778: checking if the C compiler supports -Wno-unused-label
configure:9795: cc -c -Werror  -Wno-unused-label -Wno-strict-prototypes  conftest.c >&5
configure:9795: $? = 0
configure:9797: result: yes
configure:9826: checking if the C compiler supports -Wno-unreachable-code
configure:9843: cc -c -Werror  -Wno-unused-label -Wno-unreachable-code -Wno-strict-prototypes  conftest.c >&5
configure:9843: $? = 0
configure:9845: result: yes
configure:9874: checking if the C compiler supports -Wno-misleading-indentation
configure:9891: cc -c -Werror  -Wno-unused-label -Wno-unreachable-code -Wno-misleading-indentation -Wno-strict-prototypes  conftest.c >&5
configure:9891: $? = 0
configure:9893: result: yes
configure:9918: checking for gawk
configure:9951: result: gawk
configure:9967: checking whether ln -s works
configure:9974: result: no, using cp -pR
configure:9982: checking for flex
configure:10003: found /usr/bin/flex
configure:10015: result: flex
configure:10064: checking for lex output file root
configure:10077: flex conftest.l
configure:10081: $? = 0
configure:10090: result: lex.yy
configure:10113: checking for lex library
configure:10138: cc -o conftest.exe   -D__EXTERN_C__=1  conftest.c  >&5
configure:10138: $? = 0
configure:10152: result: none needed
configure:10168: checking for library containing yywrap
configure:10204: cc -o conftest.exe   -D__EXTERN_C__=1  conftest.c  >&5
C:/msys64/ucrt64/bin/../lib/gcc/x86_64-w64-mingw32/16.1.0/../../../../x86_64-w64-mingw32/bin/ld.exe: C:\msys64\tmp\ccqT5Jsm.o:conftest.c:(.text+0xe): undefined reference to `yywrap'
collect2.exe: error: ld returned 1 exit status
configure:10204: $? = 1
configure: failed program was:
| /* confdefs.h */
| #define PACKAGE_NAME "vice"
| #define PACKAGE_TARNAME "vice"
| #define PACKAGE_VERSION "3.10"
| #define PACKAGE_STRING "vice 3.10"
| #define PACKAGE_BUGREPORT ""
| #define PACKAGE_URL ""
| #define CONFIGURE_FLAGS "--host=i686-w64-mingw32 --enable-native-tools"
| #define PACKAGE "vice"
| #define VERSION "3.10"
| #define HAVE_CXX11 1
| /* end confdefs.h.  */
| 
| /* Override any GCC internal prototype to avoid an error.
|    Use char because int might match the return type of a GCC
|    builtin and then its argument prototype would still apply.
|    The 'extern "C"' is for builds by C++ compilers;
|    although this is not generally supported in C code supporting it here
|    has little cost and some practical benefit (sr 110532).  */
| #ifdef __cplusplus
| extern "C"
| #endif
| char yywrap (void);
| int
| main (void)
| {
| return yywrap ();
|   ;
|   return 0;
| }
configure:10204: cc -o conftest.exe   -D__EXTERN_C__=1  conftest.c -lfl   >&5
C:/msys64/ucrt64/bin/../lib/gcc/x86_64-w64-mingw32/16.1.0/../../../../x86_64-w64-mingw32/bin/ld.exe: cannot find -lfl: No such file or directory
collect2.exe: error: ld returned 1 exit status
configure:10204: $? = 1
configure: failed program was:
| /* confdefs.h */
| #define PACKAGE_NAME "vice"
| #define PACKAGE_TARNAME "vice"
| #define PACKAGE_VERSION "3.10"
| #define PACKAGE_STRING "vice 3.10"
| #define PACKAGE_BUGREPORT ""
| #define PACKAGE_URL ""
| #define CONFIGURE_FLAGS "--host=i686-w64-mingw32 --enable-native-tools"
| #define PACKAGE "vice"
| #define VERSION "3.10"
| #define HAVE_CXX11 1
| /* end confdefs.h.  */
| 
| /* Override any GCC internal prototype to avoid an error.
|    Use char because int might match the return type of a GCC
|    builtin and then its argument prototype would still apply.
|    The 'extern "C"' is for builds by C++ compilers;
|    although this is not generally supported in C code supporting it here
|    has little cost and some practical benefit (sr 110532).  */
| #ifdef __cplusplus
| extern "C"
| #endif
| char yywrap (void);
| int
| main (void)
| {
| return yywrap ();
|   ;
|   return 0;
| }
configure:10204: cc -o conftest.exe   -D__EXTERN_C__=1  conftest.c -ll   >&5
C:/msys64/ucrt64/bin/../lib/gcc/x86_64-w64-mingw32/16.1.0/../../../../x86_64-w64-mingw32/bin/ld.exe: cannot find -ll: No such file or directory
collect2.exe: error: ld returned 1 exit status
configure:10204: $? = 1
configure: failed program was:
| /* confdefs.h */
| #define PACKAGE_NAME "vice"
| #define PACKAGE_TARNAME "vice"
| #define PACKAGE_VERSION "3.10"
| #define PACKAGE_STRING "vice 3.10"
| #define PACKAGE_BUGREPORT ""
| #define PACKAGE_URL ""
| #define CONFIGURE_FLAGS "--host=i686-w64-mingw32 --enable-native-tools"
| #define PACKAGE "vice"
| #define VERSION "3.10"
| #define HAVE_CXX11 1
| /* end confdefs.h.  */
| 
| /* Override any GCC internal prototype to avoid an error.
|    Use char because int might match the return type of a GCC
|    builtin and then its argument prototype would still apply.
|    The 'extern "C"' is for builds by C++ compilers;
|    although this is not generally supported in C code supporting it here
|    has little cost and some practical benefit (sr 110532).  */
| #ifdef __cplusplus
| extern "C"
| #endif
| char yywrap (void);
| int
| main (void)
| {
| return yywrap ();
|   ;
|   return 0;
| }
configure:10226: result: no
configure:10243: checking whether yytext is a pointer
configure:10259: cc -c   -D__EXTERN_C__=1 conftest.c >&5
configure:10259: $? = 0
configure:10267: result: yes
configure:10311: checking for ld used by GCC
configure:10377: result: C:/msys64/ucrt64/x86_64-w64-mingw32/bin/ld.exe
configure:10384: checking if the linker (C:/msys64/ucrt64/x86_64-w64-mingw32/bin/ld.exe) is GNU ld
configure:10399: result: yes
configure:10407: checking for ar
configure:10428: found /ucrt64/bin/ar
configure:10441: result: ar
configure:10451: checking for svn
configure:10472: found /usr/bin/svn
configure:10485: result: svn
configure:10495: checking for tar
configure:10516: found /usr/bin/tar
configure:10529: result: tar
configure:10539: checking for svnversion
configure:10560: found /usr/bin/svnversion
configure:10573: result: svnversion
configure:10585: checking for byacc
configure:10621: result: no
configure:10585: checking for yacc
configure:10606: found /usr/bin/yacc
configure:10618: result: yacc
configure:10639: checking for makeinfo
configure:10672: result: ${SHELL} '/home/crystal/vice/vice/missing' makeinfo
configure:10753: checking for dos2unix
configure:10774: found /usr/bin/dos2unix
configure:10786: result: dos2unix
configure:10807: checking for xa
configure:10828: found /ucrt64/bin/xa
configure:10840: result: xa
configure:10971: checking for perl
configure:10992: found /usr/bin/perl
configure:11004: result: perl
configure:11056: checking for iconv
configure:11077: found /usr/bin/iconv
configure:11089: result: iconv
configure:11108: checking for i686-w64-mingw32-ranlib
configure:11144: result: no
configure:11154: checking for ranlib
configure:11175: found /ucrt64/bin/ranlib
configure:11187: result: ranlib
configure:11212: checking for i686-w64-mingw32-strip
configure:11245: result: strip
configure:11316: checking for i686-w64-mingw32-objdump
configure:11352: result: no
configure:11362: checking for objdump
configure:11383: found /ucrt64/bin/objdump
configure:11395: result: objdump
configure:11420: checking for i686-w64-mingw32-sdl-config
configure:11456: result: no
configure:11466: checking for sdl-config
configure:11502: result: no
configure:11526: checking for i686-w64-mingw32-windres
configure:11562: result: no
configure:11572: checking for windres
configure:11593: found /ucrt64/bin/windres
configure:11605: result: windres
configure:11643: checking dependency style of cc
configure:11754: result: gcc3
configure:11777: checking for cc option to support large files
configure:11812: cc -c   conftest.c >&5
conftest.c:22:39: warning: result of '-2147483648 << 31' requires 63 bits to represent, but 'long int' only has 32 bits [-Wshift-overflow=]
   22 | #define LARGE_FTYPE (((FTYPE) 1 << 31 << 31) - 1 + ((FTYPE) 1 << 31 << 31))
      |                                       ^~
conftest.c:23:23: note: in expansion of macro 'LARGE_FTYPE'
   23 |   int FTYPE_is_large[(LARGE_FTYPE % 2147483629 == 721
      |                       ^~~~~~~~~~~
conftest.c:22:69: warning: result of '-2147483648 << 31' requires 63 bits to represent, but 'long int' only has 32 bits [-Wshift-overflow=]
   22 | #define LARGE_FTYPE (((FTYPE) 1 << 31 << 31) - 1 + ((FTYPE) 1 << 31 << 31))
      |                                                                     ^~
conftest.c:23:23: note: in expansion of macro 'LARGE_FTYPE'
   23 |   int FTYPE_is_large[(LARGE_FTYPE % 2147483629 == 721
      |                       ^~~~~~~~~~~
conftest.c:22:39: warning: result of '-2147483648 << 31' requires 63 bits to represent, but 'long int' only has 32 bits [-Wshift-overflow=]
   22 | #define LARGE_FTYPE (((FTYPE) 1 << 31 << 31) - 1 + ((FTYPE) 1 << 31 << 31))
      |                                       ^~
conftest.c:24:27: note: in expansion of macro 'LARGE_FTYPE'
   24 |                        && LARGE_FTYPE % 2147483647 == 1)
      |                           ^~~~~~~~~~~
conftest.c:22:69: warning: result of '-2147483648 << 31' requires 63 bits to represent, but 'long int' only has 32 bits [-Wshift-overflow=]
   22 | #define LARGE_FTYPE (((FTYPE) 1 << 31 << 31) - 1 + ((FTYPE) 1 << 31 << 31))
      |                                                                     ^~
conftest.c:24:27: note: in expansion of macro 'LARGE_FTYPE'
   24 |                        && LARGE_FTYPE % 2147483647 == 1)
      |                           ^~~~~~~~~~~
conftest.c:23:7: error: variably modified 'FTYPE_is_large' at file scope
   23 |   int FTYPE_is_large[(LARGE_FTYPE % 2147483629 == 721
      |       ^~~~~~~~~~~~~~
configure:11812: $? = 1
configure: failed program was:
| /* confdefs.h */
| #define PACKAGE_NAME "vice"
| #define PACKAGE_TARNAME "vice"
| #define PACKAGE_VERSION "3.10"
| #define PACKAGE_STRING "vice 3.10"
| #define PACKAGE_BUGREPORT ""
| #define PACKAGE_URL ""
| #define CONFIGURE_FLAGS "--host=i686-w64-mingw32 --enable-native-tools"
| #define PACKAGE "vice"
| #define VERSION "3.10"
| #define HAVE_CXX11 1
| #define YYTEXT_POINTER 1
| /* end confdefs.h.  */
| #include <sys/types.h>
| #ifndef FTYPE
| # define FTYPE off_t
| #endif
|  /* Check that FTYPE can represent 2**63 - 1 correctly.
|     We can't simply define LARGE_FTYPE to be 9223372036854775807,
|     since some C++ compilers masquerading as C compilers
|     incorrectly reject 9223372036854775807.  */
| #define LARGE_FTYPE (((FTYPE) 1 << 31 << 31) - 1 + ((FTYPE) 1 << 31 << 31))
|   int FTYPE_is_large[(LARGE_FTYPE % 2147483629 == 721
| 		       && LARGE_FTYPE % 2147483647 == 1)
| 		      ? 1 : -1];
| int
| main (void)
| {
| 
|   ;
|   return 0;
| }
configure:11812: cc -c   -D_FILE_OFFSET_BITS=64 conftest.c >&5
configure:11812: $? = 0
configure:11843: result: -D_FILE_OFFSET_BITS=64
configure:11947: checking for stdio.h
configure:11947: cc -c   conftest.c >&5
configure:11947: $? = 0
configure:11947: result: yes
configure:11947: checking for stdlib.h
configure:11947: cc -c   conftest.c >&5
configure:11947: $? = 0
configure:11947: result: yes
configure:11947: checking for string.h
configure:11947: cc -c   conftest.c >&5
configure:11947: $? = 0
configure:11947: result: yes
configure:11947: checking for inttypes.h
configure:11947: cc -c   conftest.c >&5
configure:11947: $? = 0
configure:11947: result: yes
configure:11947: checking for stdint.h
configure:11947: cc -c   conftest.c >&5
configure:11947: $? = 0
configure:11947: result: yes
configure:11947: checking for strings.h
configure:11947: cc -c   conftest.c >&5
configure:11947: $? = 0
configure:11947: result: yes
configure:11947: checking for sys/stat.h
configure:11947: cc -c   conftest.c >&5
configure:11947: $? = 0
configure:11947: result: yes
configure:11947: checking for sys/types.h
configure:11947: cc -c   conftest.c >&5
configure:11947: $? = 0
configure:11947: result: yes
configure:11947: checking for unistd.h
configure:11947: cc -c   conftest.c >&5
configure:11947: $? = 0
configure:11947: result: yes
configure:11947: checking for vfork.h
configure:11947: cc -c   conftest.c >&5
conftest.c:52:10: fatal error: vfork.h: No such file or directory
   52 | #include <vfork.h>
      |          ^~~~~~~~~
compilation terminated.
configure:11947: $? = 1
configure: failed program was:
| /* confdefs.h */
| #define PACKAGE_NAME "vice"
| #define PACKAGE_TARNAME "vice"
| #define PACKAGE_VERSION "3.10"
| #define PACKAGE_STRING "vice 3.10"
| #define PACKAGE_BUGREPORT ""
| #define PACKAGE_URL ""
| #define CONFIGURE_FLAGS "--host=i686-w64-mingw32 --enable-native-tools"
| #define PACKAGE "vice"
| #define VERSION "3.10"
| #define HAVE_CXX11 1
| #define YYTEXT_POINTER 1
| #define _FILE_OFFSET_BITS 64
| #define HAVE_STDIO_H 1
| #define HAVE_STDLIB_H 1
| #define HAVE_STRING_H 1
| #define HAVE_INTTYPES_H 1
| #define HAVE_STDINT_H 1
| #define HAVE_STRINGS_H 1
| #define HAVE_SYS_STAT_H 1
| #define HAVE_SYS_TYPES_H 1
| #define HAVE_UNISTD_H 1
| /* end confdefs.h.  */
| #include <stddef.h>
| #ifdef HAVE_STDIO_H
| # include <stdio.h>
| #endif
| #ifdef HAVE_STDLIB_H
| # include <stdlib.h>
| #endif
| #ifdef HAVE_STRING_H
| # include <string.h>
| #endif
| #ifdef HAVE_INTTYPES_H
| # include <inttypes.h>
| #endif
| #ifdef HAVE_STDINT_H
| # include <stdint.h>
| #endif
| #ifdef HAVE_STRINGS_H
| # include <strings.h>
| #endif
| #ifdef HAVE_SYS_TYPES_H
| # include <sys/types.h>
| #endif
| #ifdef HAVE_SYS_STAT_H
| # include <sys/stat.h>
| #endif
| #ifdef HAVE_UNISTD_H
| # include <unistd.h>
| #endif
| #include <vfork.h>
configure:11947: result: no
configure:11972: checking for ssize_t
configure:11972: cc -c   conftest.c >&5
configure:11972: $? = 0
configure:11972: cc -c   conftest.c >&5
conftest.c: In function 'main':
conftest.c:56:22: error: expected expression before ')' token
   56 | if (sizeof ((ssize_t)))
      |                      ^
configure:11972: $? = 1
configure: failed program was:
| /* confdefs.h */
| #define PACKAGE_NAME "vice"
| #define PACKAGE_TARNAME "vice"
| #define PACKAGE_VERSION "3.10"
| #define PACKAGE_STRING "vice 3.10"
| #define PACKAGE_BUGREPORT ""
| #define PACKAGE_URL ""
| #define CONFIGURE_FLAGS "--host=i686-w64-mingw32 --enable-native-tools"
| #define PACKAGE "vice"
| #define VERSION "3.10"
| #define HAVE_CXX11 1
| #define YYTEXT_POINTER 1
| #define _FILE_OFFSET_BITS 64
| #define HAVE_STDIO_H 1
| #define HAVE_STDLIB_H 1
| #define HAVE_STRING_H 1
| #define HAVE_INTTYPES_H 1
| #define HAVE_STDINT_H 1
| #define HAVE_STRINGS_H 1
| #define HAVE_SYS_STAT_H 1
| #define HAVE_SYS_TYPES_H 1
| #define HAVE_UNISTD_H 1
| #define STDC_HEADERS 1
| /* end confdefs.h.  */
| #include <stddef.h>
| #ifdef HAVE_STDIO_H
| # include <stdio.h>
| #endif
| #ifdef HAVE_STDLIB_H
| # include <stdlib.h>
| #endif
| #ifdef HAVE_STRING_H
| # include <string.h>
| #endif
| #ifdef HAVE_INTTYPES_H
| # include <inttypes.h>
| #endif
| #ifdef HAVE_STDINT_H
| # include <stdint.h>
| #endif
| #ifdef HAVE_STRINGS_H
| # include <strings.h>
| #endif
| #ifdef HAVE_SYS_TYPES_H
| # include <sys/types.h>
| #endif
| #ifdef HAVE_SYS_STAT_H
| # include <sys/stat.h>
| #endif
| #ifdef HAVE_UNISTD_H
| # include <unistd.h>
| #endif
| int
| main (void)
| {
| if (sizeof ((ssize_t)))
| 	    return 0;
|   ;
|   return 0;
| }
configure:11972: result: yes
configure:12180: checking for i686-w64-mingw32-pkg-config
configure:12219: result: no
configure:12229: checking for pkg-config
configure:12252: found /ucrt64/bin/pkg-config
configure:12265: result: /ucrt64/bin/pkg-config
configure:12290: checking pkg-config is at least version 0.9.0
configure:12293: result: yes
configure:12326: checking for time_t in time.h
configure:12343: cc -c -g -O3 -W -Wall -Wextra -Wformat -Wformat-signedness -Wformat-security -Wshadow -Wpointer-arith -Wmissing-prototypes -Wstrict-prototypes -Wuninitialized -Wmissing-field-initializers -Wunreachable-code -Werror=implicit-function-declaration -Wfatal-errors -Wdiscarded-qualifiers -Wno-unknown-pragmas -Wunused-but-set-variable -Wno-sign-compare -Wno-ignored-qualifiers -Wno-unused-parameter  conftest.c >&5
conftest.c: In function 'main':
conftest.c:31:8: warning: unused variable 'i' [-Wunused-variable]
   31 | time_t i;
      |        ^
configure:12343: $? = 0
configure:12354: result: yes
configure:12362: checking for time_t in sys/types.h
configure:12379: cc -c -g -O3 -W -Wall -Wextra -Wformat -Wformat-signedness -Wformat-security -Wshadow -Wpointer-arith -Wmissing-prototypes -Wstrict-prototypes -Wuninitialized -Wmissing-field-initializers -Wunreachable-code -Werror=implicit-function-declaration -Wfatal-errors -Wdiscarded-qualifiers -Wno-unknown-pragmas -Wunused-but-set-variable -Wno-sign-compare -Wno-ignored-qualifiers -Wno-unused-parameter  conftest.c >&5
conftest.c: In function 'main':
conftest.c:32:8: warning: unused variable 'i' [-Wunused-variable]
   32 | time_t i;
      |        ^
configure:12379: $? = 0
configure:12390: result: yes
configure:12403: checking size of time_t
configure:12409: cc -o conftest.exe -g -O3 -W -Wall -Wextra -Wformat -Wformat-signedness -Wformat-security -Wshadow -Wpointer-arith -Wmissing-prototypes -Wstrict-prototypes -Wuninitialized -Wmissing-field-initializers -Wunreachable-code -Werror=implicit-function-declaration -Wfatal-errors -Wdiscarded-qualifiers -Wno-unknown-pragmas -Wunused-but-set-variable -Wno-sign-compare -Wno-ignored-qualifiers -Wno-unused-parameter   conftest.c  >&5
configure:12409: $? = 0
configure:12409: ./conftest.exe
configure:12409: $? = 0
configure:12420: result: 8
configure:12618: checking if the compiler supports -march=native
configure:12633: cc -c   conftest.c >&5
configure:12633: $? = 0
configure:12635: result: yes
configure:12714: checking if ar truncates object names
configure:12725: result: no
configure:12825: checking for commctrl.h
configure:12825: cc -c   conftest.c >&5
configure:12825: $? = 0
configure:12825: result: yes
configure:12832: checking for shlobj.h
configure:12832: cc -c   conftest.c >&5
configure:12832: $? = 0
configure:12832: result: yes
configure:12839: checking for winioctl.h
configure:12839: cc -c   conftest.c >&5
configure:12839: $? = 0
configure:12839: result: yes
configure:12846: checking for winsock.h
configure:12846: cc -c   conftest.c >&5
configure:12846: $? = 0
configure:12846: result: yes
configure:12896: checking for i686-w64-mingw32-pkg-config
configure:12932: result: /ucrt64/bin/pkg-config
configure:13006: checking pkg-config is at least version 0.9.0
configure:13009: result: yes
configure:13021: checking for libusb-1.0/libusb.h
configure:13021: cc -c   conftest.c >&5
configure:13021: $? = 0
configure:13021: result: yes
configure:13033: checking for libusb_init in -lusb-1.0
configure:13062: cc -o conftest.exe    conftest.c -lusb-1.0   -lwinmm -lntdll -ld2d1 -ld3d11 -lavrt -lwsock32 -lmingwex -lmsvcrt >&5
configure:13062: $? = 0
configure:13074: result: yes
configure:13084: checking for LIBUSB
configure:13092: $PKG_CONFIG --exists --print-errors "libusb-1.0"
configure:13095: $? = 0
configure:13110: $PKG_CONFIG --exists --print-errors "libusb-1.0"
configure:13113: $? = 0
configure:13168: result: yes
configure:13172: checking for pkgconfig libusb-1.0
configure:13177: result: yes
configure:13195: checking for USBSID-Pico support
configure:13211: result: yes
configure:14202: checking for native OpenMP
configure:14217: cc -o conftest.exe  -fopenmp   conftest.c -lusb-1.0  -lwinmm -lntdll -ld2d1 -ld3d11 -lavrt -lwsock32 -lmingwex -lmsvcrt >&5
configure:14217: $? = 0
configure:14219: result: yes
configure:14300: checking for GTK
configure:14308: $PKG_CONFIG --exists --print-errors "gtk+-3.0 >= 3.22"
configure:14311: $? = 0
configure:14326: $PKG_CONFIG --exists --print-errors "gtk+-3.0 >= 3.22"
configure:14329: $? = 0
configure:14365: result: yes
configure:14371: checking for GLIB
configure:14379: $PKG_CONFIG --exists --print-errors "glib-2.0"
configure:14382: $? = 0
configure:14397: $PKG_CONFIG --exists --print-errors "glib-2.0"
configure:14400: $? = 0
configure:14436: result: yes
configure:14450: checking for glib-compile-resources
configure:14471: found /ucrt64/bin/glib-compile-resources
configure:14484: result: glib-compile-resources
configure:14498: checking for glib-genmarshal
configure:14519: found /ucrt64/bin/glib-genmarshal
configure:14532: result: glib-genmarshal
configure:14670: checking for GLEW
configure:14678: $PKG_CONFIG --exists --print-errors "glew"
configure:14681: $? = 0
configure:14696: $PKG_CONFIG --exists --print-errors "glew"
configure:14699: $? = 0
configure:14754: result: yes
configure:14761: checking for library containing glViewport
configure:14797: cc -o conftest.exe -g -O3 -W -Wall -Wextra -Wformat -Wformat-signedness -Wformat-security -Wshadow -Wpointer-arith -Wmissing-prototypes -Wstrict-prototypes -Wuninitialized -Wmissing-field-initializers -Wunreachable-code -Werror=implicit-function-declaration -Wfatal-errors -Wdiscarded-qualifiers -Wno-unknown-pragmas -Wunused-but-set-variable -Wno-sign-compare -Wno-ignored-qualifiers -Wno-unused-parameter -IC:/msys64/ucrt64/include/libusb-1.0 -Wall -Wno-unused-parameter -Wno-sign-compare -mwindows -fopenmp -IC:/msys64/ucrt64/include/glib-2.0 -IC:/msys64/ucrt64/lib/glib-2.0/include -DLIBDEFLATE_DLL -IC:/msys64/ucrt64/include/gtk-3.0 -IC:/msys64/ucrt64/include/pango-1.0 -IC:/msys64/ucrt64/include/harfbuzz -IC:/msys64/ucrt64/include/pango-1.0 -IC:/msys64/ucrt64/include/fribidi -IC:/msys64/ucrt64/include/atk-1.0 -IC:/msys64/ucrt64/include/cairo -IC:/msys64/ucrt64/include/freetype2 -IC:/msys64/ucrt64/include/harfbuzz -IC:/msys64/ucrt64/include/pixman-1 -IC:/msys64/ucrt64/include/gdk-pixbuf-2.0 -IC:/msys64/ucrt64/include/libpng16 -IC:/msys64/ucrt64/include/webp -IC:/msys64/ucrt64/include/glib-2.0 -IC:/msys64/ucrt64/lib/glib-2.0/include   conftest.c -lusb-1.0  -lwinmm -lntdll -ld2d1 -ld3d11 -lavrt -lwsock32 -lmingwex -lmsvcrt -lgtk-3 -lgdk-3 -lgdi32 -limm32 -lshell32 -lole32 -luuid -lwinmm -ldwmapi -lsetupapi -lcfgmgr32 -lhid -lwinspool -lcomctl32 -lcomdlg32 -lpangowin32-1.0 -lpangocairo-1.0 -lpango-1.0 -lharfbuzz -lz -latk-1.0 -lcairo-gobject -lcairo -lgdk_pixbuf-2.0 -lgio-2.0 -lgobject-2.0 -lglib-2.0 -lintl -lglib-2.0 -lintl -lglew32 >&5
C:/msys64/ucrt64/bin/../lib/gcc/x86_64-w64-mingw32/16.1.0/../../../../x86_64-w64-mingw32/bin/ld.exe: C:\msys64\tmp\cc6uuGZp.o: in function `main':
C:/msys64/home/crystal/vice/vice/conftest.c:57:(.text.startup+0xa): undefined reference to `glViewport'
collect2.exe: error: ld returned 1 exit status
configure:14797: $? = 1
configure: failed program was:
| /* confdefs.h */
| #define PACKAGE_NAME "vice"
| #define PACKAGE_TARNAME "vice"
| #define PACKAGE_VERSION "3.10"
| #define PACKAGE_STRING "vice 3.10"
| #define PACKAGE_BUGREPORT ""
| #define PACKAGE_URL ""
| #define CONFIGURE_FLAGS "--host=i686-w64-mingw32 --enable-native-tools"
| #define PACKAGE "vice"
| #define VERSION "3.10"
| #define HAVE_CXX11 1
| #define YYTEXT_POINTER 1
| #define _FILE_OFFSET_BITS 64
| #define HAVE_STDIO_H 1
| #define HAVE_STDLIB_H 1
| #define HAVE_STRING_H 1
| #define HAVE_INTTYPES_H 1
| #define HAVE_STDINT_H 1
| #define HAVE_STRINGS_H 1
| #define HAVE_SYS_STAT_H 1
| #define HAVE_SYS_TYPES_H 1
| #define HAVE_UNISTD_H 1
| #define STDC_HEADERS 1
| #define FEATURE_CPUMEMHISTORY /**/
| #define HAVE_NEW_8580_FILTER /**/
| #define HAVE_TIME_T_IN_TIME_H /**/
| #define HAVE_TIME_T_IN_TYPES_H /**/
| #define SIZEOF_TIME_T 8
| #define TIME_T_IS_64BIT /**/
| #define HAVE_COMMCTRL_H 1
| #define HAVE_SHLOBJ_H 1
| #define HAVE_WINIOCTL_H 1
| #define HAVE_WINSOCK_H 1
| #define HAVE_HTONL /**/
| #define HAVE_HTONS /**/
| #define HAVE_NETWORK /**/
| #define HAVE_RS232NET /**/
| #define HAVE_LIBUSB_1_0_LIBUSB_H 1
| #define HAVE_USBSID /**/
| #define HAVE_HARDSID /**/
| #define HAVE_RS232DEV /**/
| /* end confdefs.h.  */
| 
| /* Override any GCC internal prototype to avoid an error.
|    Use char because int might match the return type of a GCC
|    builtin and then its argument prototype would still apply.
|    The 'extern "C"' is for builds by C++ compilers;
|    although this is not generally supported in C code supporting it here
|    has little cost and some practical benefit (sr 110532).  */
| #ifdef __cplusplus
| extern "C"
| #endif
| char glViewport (void);
| int
| main (void)
| {
| return glViewport ();
|   ;
|   return 0;
| }
configure:14797: cc -o conftest.exe -g -O3 -W -Wall -Wextra -Wformat -Wformat-signedness -Wformat-security -Wshadow -Wpointer-arith -Wmissing-prototypes -Wstrict-prototypes -Wuninitialized -Wmissing-field-initializers -Wunreachable-code -Werror=implicit-function-declaration -Wfatal-errors -Wdiscarded-qualifiers -Wno-unknown-pragmas -Wunused-but-set-variable -Wno-sign-compare -Wno-ignored-qualifiers -Wno-unused-parameter -IC:/msys64/ucrt64/include/libusb-1.0 -Wall -Wno-unused-parameter -Wno-sign-compare -mwindows -fopenmp -IC:/msys64/ucrt64/include/glib-2.0 -IC:/msys64/ucrt64/lib/glib-2.0/include -DLIBDEFLATE_DLL -IC:/msys64/ucrt64/include/gtk-3.0 -IC:/msys64/ucrt64/include/pango-1.0 -IC:/msys64/ucrt64/include/harfbuzz -IC:/msys64/ucrt64/include/pango-1.0 -IC:/msys64/ucrt64/include/fribidi -IC:/msys64/ucrt64/include/atk-1.0 -IC:/msys64/ucrt64/include/cairo -IC:/msys64/ucrt64/include/freetype2 -IC:/msys64/ucrt64/include/harfbuzz -IC:/msys64/ucrt64/include/pixman-1 -IC:/msys64/ucrt64/include/gdk-pixbuf-2.0 -IC:/msys64/ucrt64/include/libpng16 -IC:/msys64/ucrt64/include/webp -IC:/msys64/ucrt64/include/glib-2.0 -IC:/msys64/ucrt64/lib/glib-2.0/include   conftest.c -lGL  -lusb-1.0  -lwinmm -lntdll -ld2d1 -ld3d11 -lavrt -lwsock32 -lmingwex -lmsvcrt -lgtk-3 -lgdk-3 -lgdi32 -limm32 -lshell32 -lole32 -luuid -lwinmm -ldwmapi -lsetupapi -lcfgmgr32 -lhid -lwinspool -lcomctl32 -lcomdlg32 -lpangowin32-1.0 -lpangocairo-1.0 -lpango-1.0 -lharfbuzz -lz -latk-1.0 -lcairo-gobject -lcairo -lgdk_pixbuf-2.0 -lgio-2.0 -lgobject-2.0 -lglib-2.0 -lintl -lglib-2.0 -lintl -lglew32 >&5
C:/msys64/ucrt64/bin/../lib/gcc/x86_64-w64-mingw32/16.1.0/../../../../x86_64-w64-mingw32/bin/ld.exe: cannot find -lGL: No such file or directory
collect2.exe: error: ld returned 1 exit status
configure:14797: $? = 1
configure: failed program was:
| /* confdefs.h */
| #define PACKAGE_NAME "vice"
| #define PACKAGE_TARNAME "vice"
| #define PACKAGE_VERSION "3.10"
| #define PACKAGE_STRING "vice 3.10"
| #define PACKAGE_BUGREPORT ""
| #define PACKAGE_URL ""
| #define CONFIGURE_FLAGS "--host=i686-w64-mingw32 --enable-native-tools"
| #define PACKAGE "vice"
| #define VERSION "3.10"
| #define HAVE_CXX11 1
| #define YYTEXT_POINTER 1
| #define _FILE_OFFSET_BITS 64
| #define HAVE_STDIO_H 1
| #define HAVE_STDLIB_H 1
| #define HAVE_STRING_H 1
| #define HAVE_INTTYPES_H 1
| #define HAVE_STDINT_H 1
| #define HAVE_STRINGS_H 1
| #define HAVE_SYS_STAT_H 1
| #define HAVE_SYS_TYPES_H 1
| #define HAVE_UNISTD_H 1
| #define STDC_HEADERS 1
| #define FEATURE_CPUMEMHISTORY /**/
| #define HAVE_NEW_8580_FILTER /**/
| #define HAVE_TIME_T_IN_TIME_H /**/
| #define HAVE_TIME_T_IN_TYPES_H /**/
| #define SIZEOF_TIME_T 8
| #define TIME_T_IS_64BIT /**/
| #define HAVE_COMMCTRL_H 1
| #define HAVE_SHLOBJ_H 1
| #define HAVE_WINIOCTL_H 1
| #define HAVE_WINSOCK_H 1
| #define HAVE_HTONL /**/
| #define HAVE_HTONS /**/
| #define HAVE_NETWORK /**/
| #define HAVE_RS232NET /**/
| #define HAVE_LIBUSB_1_0_LIBUSB_H 1
| #define HAVE_USBSID /**/
| #define HAVE_HARDSID /**/
| #define HAVE_RS232DEV /**/
| /* end confdefs.h.  */
| 
| /* Override any GCC internal prototype to avoid an error.
|    Use char because int might match the return type of a GCC
|    builtin and then its argument prototype would still apply.
|    The 'extern "C"' is for builds by C++ compilers;
|    although this is not generally supported in C code supporting it here
|    has little cost and some practical benefit (sr 110532).  */
| #ifdef __cplusplus
| extern "C"
| #endif
| char glViewport (void);
| int
| main (void)
| {
| return glViewport ();
|   ;
|   return 0;
| }
configure:14797: cc -o conftest.exe -g -O3 -W -Wall -Wextra -Wformat -Wformat-signedness -Wformat-security -Wshadow -Wpointer-arith -Wmissing-prototypes -Wstrict-prototypes -Wuninitialized -Wmissing-field-initializers -Wunreachable-code -Werror=implicit-function-declaration -Wfatal-errors -Wdiscarded-qualifiers -Wno-unknown-pragmas -Wunused-but-set-variable -Wno-sign-compare -Wno-ignored-qualifiers -Wno-unused-parameter -IC:/msys64/ucrt64/include/libusb-1.0 -Wall -Wno-unused-parameter -Wno-sign-compare -mwindows -fopenmp -IC:/msys64/ucrt64/include/glib-2.0 -IC:/msys64/ucrt64/lib/glib-2.0/include -DLIBDEFLATE_DLL -IC:/msys64/ucrt64/include/gtk-3.0 -IC:/msys64/ucrt64/include/pango-1.0 -IC:/msys64/ucrt64/include/harfbuzz -IC:/msys64/ucrt64/include/pango-1.0 -IC:/msys64/ucrt64/include/fribidi -IC:/msys64/ucrt64/include/atk-1.0 -IC:/msys64/ucrt64/include/cairo -IC:/msys64/ucrt64/include/freetype2 -IC:/msys64/ucrt64/include/harfbuzz -IC:/msys64/ucrt64/include/pixman-1 -IC:/msys64/ucrt64/include/gdk-pixbuf-2.0 -IC:/msys64/ucrt64/include/libpng16 -IC:/msys64/ucrt64/include/webp -IC:/msys64/ucrt64/include/glib-2.0 -IC:/msys64/ucrt64/lib/glib-2.0/include   conftest.c -lopengl32  -lusb-1.0  -lwinmm -lntdll -ld2d1 -ld3d11 -lavrt -lwsock32 -lmingwex -lmsvcrt -lgtk-3 -lgdk-3 -lgdi32 -limm32 -lshell32 -lole32 -luuid -lwinmm -ldwmapi -lsetupapi -lcfgmgr32 -lhid -lwinspool -lcomctl32 -lcomdlg32 -lpangowin32-1.0 -lpangocairo-1.0 -lpango-1.0 -lharfbuzz -lz -latk-1.0 -lcairo-gobject -lcairo -lgdk_pixbuf-2.0 -lgio-2.0 -lgobject-2.0 -lglib-2.0 -lintl -lglib-2.0 -lintl -lglew32 >&5
configure:14797: $? = 0
configure:14819: result: -lopengl32
configure:14831: checking for library containing glewInit
configure:14867: cc -o conftest.exe -g -O3 -W -Wall -Wextra -Wformat -Wformat-signedness -Wformat-security -Wshadow -Wpointer-arith -Wmissing-prototypes -Wstrict-prototypes -Wuninitialized -Wmissing-field-initializers -Wunreachable-code -Werror=implicit-function-declaration -Wfatal-errors -Wdiscarded-qualifiers -Wno-unknown-pragmas -Wunused-but-set-variable -Wno-sign-compare -Wno-ignored-qualifiers -Wno-unused-parameter -IC:/msys64/ucrt64/include/libusb-1.0 -Wall -Wno-unused-parameter -Wno-sign-compare -mwindows -fopenmp -IC:/msys64/ucrt64/include/glib-2.0 -IC:/msys64/ucrt64/lib/glib-2.0/include -DLIBDEFLATE_DLL -IC:/msys64/ucrt64/include/gtk-3.0 -IC:/msys64/ucrt64/include/pango-1.0 -IC:/msys64/ucrt64/include/harfbuzz -IC:/msys64/ucrt64/include/pango-1.0 -IC:/msys64/ucrt64/include/fribidi -IC:/msys64/ucrt64/include/atk-1.0 -IC:/msys64/ucrt64/include/cairo -IC:/msys64/ucrt64/include/freetype2 -IC:/msys64/ucrt64/include/harfbuzz -IC:/msys64/ucrt64/include/pixman-1 -IC:/msys64/ucrt64/include/gdk-pixbuf-2.0 -IC:/msys64/ucrt64/include/libpng16 -IC:/msys64/ucrt64/include/webp -IC:/msys64/ucrt64/include/glib-2.0 -IC:/msys64/ucrt64/lib/glib-2.0/include   conftest.c -lopengl32 -lusb-1.0  -lwinmm -lntdll -ld2d1 -ld3d11 -lavrt -lwsock32 -lmingwex -lmsvcrt -lgtk-3 -lgdk-3 -lgdi32 -limm32 -lshell32 -lole32 -luuid -lwinmm -ldwmapi -lsetupapi -lcfgmgr32 -lhid -lwinspool -lcomctl32 -lcomdlg32 -lpangowin32-1.0 -lpangocairo-1.0 -lpango-1.0 -lharfbuzz -lz -latk-1.0 -lcairo-gobject -lcairo -lgdk_pixbuf-2.0 -lgio-2.0 -lgobject-2.0 -lglib-2.0 -lintl -lglib-2.0 -lintl -lglew32 >&5
configure:14867: $? = 0
configure:14889: result: none required
configure:16114: checking for dinput.h
configure:16114: cc -c   conftest.c >&5
configure:16114: $? = 0
configure:16114: result: yes
configure:16122: checking for -ldinput8
configure:16141: cc -o conftest.exe    conftest.c -ldinput8 -lopengl32 -lusb-1.0  -lwinmm -lntdll -ld2d1 -ld3d11 -lavrt -lwsock32 -lmingwex -lmsvcrt -lgtk-3 -lgdk-3 -lgdi32 -limm32 -lshell32 -lole32 -luuid -lwinmm -ldwmapi -lsetupapi -lcfgmgr32 -lhid -lwinspool -lcomctl32 -lcomdlg32 -lpangowin32-1.0 -lpangocairo-1.0 -lpango-1.0 -lharfbuzz -lz -latk-1.0 -lcairo-gobject -lcairo -lgdk_pixbuf-2.0 -lgio-2.0 -lgobject-2.0 -lglib-2.0 -lintl -lglib-2.0 -lintl -lglew32 -static-libgcc >&5
configure:16141: $? = 0
configure:16146: result: yes
configure:16341: checking for icotool
configure:16362: found /ucrt64/bin/icotool
configure:16375: result: icotool
configure:16392: checking for libiconv_open in -liconv
configure:16421: cc -o conftest.exe    conftest.c -liconv  -ldinput8 -lopengl32 -lusb-1.0  -lwinmm -lntdll -ld2d1 -ld3d11 -lavrt -lwsock32 -lmingwex -lmsvcrt -lgtk-3 -lgdk-3 -lgdi32 -limm32 -lshell32 -lole32 -luuid -lwinmm -ldwmapi -lsetupapi -lcfgmgr32 -lhid -lwinspool -lcomctl32 -lcomdlg32 -lpangowin32-1.0 -lpangocairo-1.0 -lpango-1.0 -lharfbuzz -lz -latk-1.0 -lcairo-gobject -lcairo -lgdk_pixbuf-2.0 -lgio-2.0 -lgobject-2.0 -lglib-2.0 -lintl -lglib-2.0 -lintl -lglew32 -static-libgcc >&5
configure:16421: $? = 0
configure:16433: result: yes
configure:16446: checking if the compiler accepts --param inline-unit-growth=60
configure:16459: cc -c  -Werror --param inline-unit-growth=60  conftest.c >&5
configure:16459: $? = 0
configure:16461: result: yes
configure:16478: checking if the compiler accepts --param max-inline-insns-single=600
configure:16491: cc -c  -Werror --param max-inline-insns-single=600  conftest.c >&5
configure:16491: $? = 0
configure:16493: result: yes
configure:16683: checking for C++ compiler version
configure:16692: c++ -std=c++11 --version >&5
c++.exe (Rev5, Built by MSYS2 project) 16.1.0
Copyright (C) 2026 Free Software Foundation, Inc.
This is free software; see the source for copying conditions.  There is NO
warranty; not even for MERCHANTABILITY or FITNESS FOR A PARTICULAR PURPOSE.

configure:16703: $? = 0
configure:16692: c++ -std=c++11 -v >&5
Using built-in specs.
COLLECT_GCC=C:\msys64\ucrt64\bin\c++.exe
COLLECT_LTO_WRAPPER=C:/msys64/ucrt64/bin/../lib/gcc/x86_64-w64-mingw32/16.1.0/lto-wrapper.exe
Target: x86_64-w64-mingw32
Configured with: ../gcc-16.1.0/configure --prefix=/ucrt64 --with-local-prefix=/ucrt64/local --libexecdir=/ucrt64/lib --enable-bootstrap --enable-checking=release --with-arch=nocona --with-tune=generic --enable-mingw-wildcard --enable-languages=c,c++,ada,fortran,lto,objc,obj-c++,jit --enable-shared --enable-static --enable-libatomic --enable-threads=posix --enable-tls --enable-graphite --enable-fully-dynamic-string --enable-libstdcxx-backtrace=yes --enable-libstdcxx-filesystem-ts --enable-libstdcxx-time --disable-libstdcxx-pch --enable-libgomp --disable-libssp --disable-multilib --disable-rpath --disable-win32-registry --disable-nls --disable-werror --disable-symvers --with-libiconv --with-system-zlib --with-gmp=/ucrt64 --with-mpfr=/ucrt64 --with-mpc=/ucrt64 --with-isl=/ucrt64 --with-pkgversion='Rev5, Built by MSYS2 project' --with-bugurl=https://github.com/msys2/MINGW-packages/issues --with-gnu-as --with-gnu-ld --with-libstdcxx-zoneinfo=yes --disable-libstdcxx-debug --enable-lto --with-boot-ldflags=-static-libstdc++ --with-stage1-ldflags=-static-libstdc++
Thread model: posix
Supported LTO compression algorithms: zlib zstd
gcc version 16.1.0 (Rev5, Built by MSYS2 project) 
configure:16703: $? = 0
configure:16692: c++ -std=c++11 -V >&5
c++.exe: error: unrecognized command-line option '-V'
c++.exe: fatal error: no input files
compilation terminated.
configure:16703: $? = 1
configure:16692: c++ -std=c++11 -qversion >&5
c++.exe: error: unrecognized command-line option '-qversion'; did you mean '--version'?
c++.exe: fatal error: no input files
compilation terminated.
configure:16703: $? = 1
configure:16707: checking whether the compiler supports GNU C++
configure:16739: result: yes
configure:16750: checking whether c++ -std=c++11 accepts -g
configure:16818: result: yes
configure:16843: checking dependency style of c++ -std=c++11
configure:16956: result: gcc3
configure:16979: checking whether the C++ compiler (c++ -std=c++11  -fno-exceptions ) works
configure:16992: c++ -std=c++11 -c  -fno-exceptions  conftest.cpp >&5
configure:16992: $? = 0
configure:16994: result: yes
configure:17011: checking how to run the C++ preprocessor
configure:17078: result: c++ -std=c++11 -E
configure:17092: c++ -std=c++11 -E  conftest.cpp
configure:17092: $? = 0
configure:17108: c++ -std=c++11 -E  conftest.cpp
conftest.cpp:49:10: fatal error: ac_nonexistent.h: No such file or directory
   49 | #include <ac_nonexistent.h>
      |          ^~~~~~~~~~~~~~~~~~
compilation terminated.
configure:17108: $? = 1
configure: failed program was:
| /* confdefs.h */
| #define PACKAGE_NAME "vice"
| #define PACKAGE_TARNAME "vice"
| #define PACKAGE_VERSION "3.10"
| #define PACKAGE_STRING "vice 3.10"
| #define PACKAGE_BUGREPORT ""
| #define PACKAGE_URL ""
| #define CONFIGURE_FLAGS "--host=i686-w64-mingw32 --enable-native-tools"
| #define PACKAGE "vice"
| #define VERSION "3.10"
| #define HAVE_CXX11 1
| #define YYTEXT_POINTER 1
| #define _FILE_OFFSET_BITS 64
| #define HAVE_STDIO_H 1
| #define HAVE_STDLIB_H 1
| #define HAVE_STRING_H 1
| #define HAVE_INTTYPES_H 1
| #define HAVE_STDINT_H 1
| #define HAVE_STRINGS_H 1
| #define HAVE_SYS_STAT_H 1
| #define HAVE_SYS_TYPES_H 1
| #define HAVE_UNISTD_H 1
| #define STDC_HEADERS 1
| #define FEATURE_CPUMEMHISTORY /**/
| #define HAVE_NEW_8580_FILTER /**/
| #define HAVE_TIME_T_IN_TIME_H /**/
| #define HAVE_TIME_T_IN_TYPES_H /**/
| #define SIZEOF_TIME_T 8
| #define TIME_T_IS_64BIT /**/
| #define HAVE_COMMCTRL_H 1
| #define HAVE_SHLOBJ_H 1
| #define HAVE_WINIOCTL_H 1
| #define HAVE_WINSOCK_H 1
| #define HAVE_HTONL /**/
| #define HAVE_HTONS /**/
| #define HAVE_NETWORK /**/
| #define HAVE_RS232NET /**/
| #define HAVE_LIBUSB_1_0_LIBUSB_H 1
| #define HAVE_USBSID /**/
| #define HAVE_HARDSID /**/
| #define HAVE_RS232DEV /**/
| #define USE_GTK3UI /**/
| #define HAVE_HWSCALE /**/
| #define USE_VICE_THREAD /**/
| #define HAVE_DINPUT /**/
| #define HAVE_DINPUT_LIB /**/
| #define HAVE_LIBICONV 1
| /* end confdefs.h.  */
| #include <ac_nonexistent.h>
configure:17597: checking for C++ compiler version
configure:17606: c++ -std=c++11 --version >&5
c++.exe (Rev5, Built by MSYS2 project) 16.1.0
Copyright (C) 2026 Free Software Foundation, Inc.
This is free software; see the source for copying conditions.  There is NO
warranty; not even for MERCHANTABILITY or FITNESS FOR A PARTICULAR PURPOSE.

configure:17617: $? = 0
configure:17606: c++ -std=c++11 -v >&5
Using built-in specs.
COLLECT_GCC=C:\msys64\ucrt64\bin\c++.exe
COLLECT_LTO_WRAPPER=C:/msys64/ucrt64/bin/../lib/gcc/x86_64-w64-mingw32/16.1.0/lto-wrapper.exe
Target: x86_64-w64-mingw32
Configured with: ../gcc-16.1.0/configure --prefix=/ucrt64 --with-local-prefix=/ucrt64/local --libexecdir=/ucrt64/lib --enable-bootstrap --enable-checking=release --with-arch=nocona --with-tune=generic --enable-mingw-wildcard --enable-languages=c,c++,ada,fortran,lto,objc,obj-c++,jit --enable-shared --enable-static --enable-libatomic --enable-threads=posix --enable-tls --enable-graphite --enable-fully-dynamic-string --enable-libstdcxx-backtrace=yes --enable-libstdcxx-filesystem-ts --enable-libstdcxx-time --disable-libstdcxx-pch --enable-libgomp --disable-libssp --disable-multilib --disable-rpath --disable-win32-registry --disable-nls --disable-werror --disable-symvers --with-libiconv --with-system-zlib --with-gmp=/ucrt64 --with-mpfr=/ucrt64 --with-mpc=/ucrt64 --with-isl=/ucrt64 --with-pkgversion='Rev5, Built by MSYS2 project' --with-bugurl=https://github.com/msys2/MINGW-packages/issues --with-gnu-as --with-gnu-ld --with-libstdcxx-zoneinfo=yes --disable-libstdcxx-debug --enable-lto --with-boot-ldflags=-static-libstdc++ --with-stage1-ldflags=-static-libstdc++
Thread model: posix
Supported LTO compression algorithms: zlib zstd
gcc version 16.1.0 (Rev5, Built by MSYS2 project) 
configure:17617: $? = 0
configure:17606: c++ -std=c++11 -V >&5
c++.exe: error: unrecognized command-line option '-V'
c++.exe: fatal error: no input files
compilation terminated.
configure:17617: $? = 1
configure:17606: c++ -std=c++11 -qversion >&5
c++.exe: error: unrecognized command-line option '-qversion'; did you mean '--version'?
c++.exe: fatal error: no input files
compilation terminated.
configure:17617: $? = 1
configure:17621: checking whether the compiler supports GNU C++
configure:17653: result: yes
configure:17664: checking whether c++ -std=c++11 accepts -g
configure:17732: result: yes
configure:17757: checking dependency style of c++ -std=c++11
configure:17870: result: gcc3
configure:17893: checking whether the C++ compiler (c++ -std=c++11  -fno-exceptions -fno-exceptions ) works
configure:17906: c++ -std=c++11 -c  -fno-exceptions -fno-exceptions  conftest.cpp >&5
configure:17906: $? = 0
configure:17908: result: yes
configure:17925: checking how to run the C++ preprocessor
configure:17992: result: c++ -std=c++11 -E
configure:18006: c++ -std=c++11 -E  conftest.cpp
configure:18006: $? = 0
configure:18022: c++ -std=c++11 -E  conftest.cpp
conftest.cpp:51:10: fatal error: ac_nonexistent.h: No such file or directory
   51 | #include <ac_nonexistent.h>
      |          ^~~~~~~~~~~~~~~~~~
compilation terminated.
configure:18022: $? = 1
configure: failed program was:
| /* confdefs.h */
| #define PACKAGE_NAME "vice"
| #define PACKAGE_TARNAME "vice"
| #define PACKAGE_VERSION "3.10"
| #define PACKAGE_STRING "vice 3.10"
| #define PACKAGE_BUGREPORT ""
| #define PACKAGE_URL ""
| #define CONFIGURE_FLAGS "--host=i686-w64-mingw32 --enable-native-tools"
| #define PACKAGE "vice"
| #define VERSION "3.10"
| #define HAVE_CXX11 1
| #define YYTEXT_POINTER 1
| #define _FILE_OFFSET_BITS 64
| #define HAVE_STDIO_H 1
| #define HAVE_STDLIB_H 1
| #define HAVE_STRING_H 1
| #define HAVE_INTTYPES_H 1
| #define HAVE_STDINT_H 1
| #define HAVE_STRINGS_H 1
| #define HAVE_SYS_STAT_H 1
| #define HAVE_SYS_TYPES_H 1
| #define HAVE_UNISTD_H 1
| #define STDC_HEADERS 1
| #define FEATURE_CPUMEMHISTORY /**/
| #define HAVE_NEW_8580_FILTER /**/
| #define HAVE_TIME_T_IN_TIME_H /**/
| #define HAVE_TIME_T_IN_TYPES_H /**/
| #define SIZEOF_TIME_T 8
| #define TIME_T_IS_64BIT /**/
| #define HAVE_COMMCTRL_H 1
| #define HAVE_SHLOBJ_H 1
| #define HAVE_WINIOCTL_H 1
| #define HAVE_WINSOCK_H 1
| #define HAVE_HTONL /**/
| #define HAVE_HTONS /**/
| #define HAVE_NETWORK /**/
| #define HAVE_RS232NET /**/
| #define HAVE_LIBUSB_1_0_LIBUSB_H 1
| #define HAVE_USBSID /**/
| #define HAVE_HARDSID /**/
| #define HAVE_RS232DEV /**/
| #define USE_GTK3UI /**/
| #define HAVE_HWSCALE /**/
| #define USE_VICE_THREAD /**/
| #define HAVE_DINPUT /**/
| #define HAVE_DINPUT_LIB /**/
| #define HAVE_LIBICONV 1
| #define HAVE_RESID /**/
| #define HAVE_RESID_DTV /**/
| /* end confdefs.h.  */
| #include <ac_nonexistent.h>
configure:18229: checking for sys/types.h
configure:18229: result: yes
configure:18237: checking for off_t
configure:18237: cc -c   conftest.c >&5
configure:18237: $? = 0
configure:18237: cc -c   conftest.c >&5
conftest.c: In function 'main':
conftest.c:84:20: error: expected expression before ')' token
   84 | if (sizeof ((off_t)))
      |                    ^
configure:18237: $? = 1
configure: failed program was:
| /* confdefs.h */
| #define PACKAGE_NAME "vice"
| #define PACKAGE_TARNAME "vice"
| #define PACKAGE_VERSION "3.10"
| #define PACKAGE_STRING "vice 3.10"
| #define PACKAGE_BUGREPORT ""
| #define PACKAGE_URL ""
| #define CONFIGURE_FLAGS "--host=i686-w64-mingw32 --enable-native-tools"
| #define PACKAGE "vice"
| #define VERSION "3.10"
| #define HAVE_CXX11 1
| #define YYTEXT_POINTER 1
| #define _FILE_OFFSET_BITS 64
| #define HAVE_STDIO_H 1
| #define HAVE_STDLIB_H 1
| #define HAVE_STRING_H 1
| #define HAVE_INTTYPES_H 1
| #define HAVE_STDINT_H 1
| #define HAVE_STRINGS_H 1
| #define HAVE_SYS_STAT_H 1
| #define HAVE_SYS_TYPES_H 1
| #define HAVE_UNISTD_H 1
| #define STDC_HEADERS 1
| #define FEATURE_CPUMEMHISTORY /**/
| #define HAVE_NEW_8580_FILTER /**/
| #define HAVE_TIME_T_IN_TIME_H /**/
| #define HAVE_TIME_T_IN_TYPES_H /**/
| #define SIZEOF_TIME_T 8
| #define TIME_T_IS_64BIT /**/
| #define HAVE_COMMCTRL_H 1
| #define HAVE_SHLOBJ_H 1
| #define HAVE_WINIOCTL_H 1
| #define HAVE_WINSOCK_H 1
| #define HAVE_HTONL /**/
| #define HAVE_HTONS /**/
| #define HAVE_NETWORK /**/
| #define HAVE_RS232NET /**/
| #define HAVE_LIBUSB_1_0_LIBUSB_H 1
| #define HAVE_USBSID /**/
| #define HAVE_HARDSID /**/
| #define HAVE_RS232DEV /**/
| #define USE_GTK3UI /**/
| #define HAVE_HWSCALE /**/
| #define USE_VICE_THREAD /**/
| #define HAVE_DINPUT /**/
| #define HAVE_DINPUT_LIB /**/
| #define HAVE_LIBICONV 1
| #define HAVE_RESID /**/
| #define HAVE_RESID_DTV /**/
| #define HAVE_RESIDFP /**/
| #define HAVE_SYS_TYPES_H 1
| /* end confdefs.h.  */
| #include <stddef.h>
| #ifdef HAVE_STDIO_H
| # include <stdio.h>
| #endif
| #ifdef HAVE_STDLIB_H
| # include <stdlib.h>
| #endif
| #ifdef HAVE_STRING_H
| # include <string.h>
| #endif
| #ifdef HAVE_INTTYPES_H
| # include <inttypes.h>
| #endif
| #ifdef HAVE_STDINT_H
| # include <stdint.h>
| #endif
| #ifdef HAVE_STRINGS_H
| # include <strings.h>
| #endif
| #ifdef HAVE_SYS_TYPES_H
| # include <sys/types.h>
| #endif
| #ifdef HAVE_SYS_STAT_H
| # include <sys/stat.h>
| #endif
| #ifdef HAVE_UNISTD_H
| # include <unistd.h>
| #endif
| int
| main (void)
| {
| if (sizeof ((off_t)))
| 	    return 0;
|   ;
|   return 0;
| }
configure:18237: result: yes
configure:18249: checking for pid_t
configure:18249: cc -c   conftest.c >&5
configure:18249: $? = 0
configure:18249: cc -c   conftest.c >&5
conftest.c: In function 'main':
conftest.c:85:20: error: expected expression before ')' token
   85 | if (sizeof ((pid_t)))
      |                    ^
configure:18249: $? = 1
configure: failed program was:
| /* confdefs.h */
| #define PACKAGE_NAME "vice"
| #define PACKAGE_TARNAME "vice"
| #define PACKAGE_VERSION "3.10"
| #define PACKAGE_STRING "vice 3.10"
| #define PACKAGE_BUGREPORT ""
| #define PACKAGE_URL ""
| #define CONFIGURE_FLAGS "--host=i686-w64-mingw32 --enable-native-tools"
| #define PACKAGE "vice"
| #define VERSION "3.10"
| #define HAVE_CXX11 1
| #define YYTEXT_POINTER 1
| #define _FILE_OFFSET_BITS 64
| #define HAVE_STDIO_H 1
| #define HAVE_STDLIB_H 1
| #define HAVE_STRING_H 1
| #define HAVE_INTTYPES_H 1
| #define HAVE_STDINT_H 1
| #define HAVE_STRINGS_H 1
| #define HAVE_SYS_STAT_H 1
| #define HAVE_SYS_TYPES_H 1
| #define HAVE_UNISTD_H 1
| #define STDC_HEADERS 1
| #define FEATURE_CPUMEMHISTORY /**/
| #define HAVE_NEW_8580_FILTER /**/
| #define HAVE_TIME_T_IN_TIME_H /**/
| #define HAVE_TIME_T_IN_TYPES_H /**/
| #define SIZEOF_TIME_T 8
| #define TIME_T_IS_64BIT /**/
| #define HAVE_COMMCTRL_H 1
| #define HAVE_SHLOBJ_H 1
| #define HAVE_WINIOCTL_H 1
| #define HAVE_WINSOCK_H 1
| #define HAVE_HTONL /**/
| #define HAVE_HTONS /**/
| #define HAVE_NETWORK /**/
| #define HAVE_RS232NET /**/
| #define HAVE_LIBUSB_1_0_LIBUSB_H 1
| #define HAVE_USBSID /**/
| #define HAVE_HARDSID /**/
| #define HAVE_RS232DEV /**/
| #define USE_GTK3UI /**/
| #define HAVE_HWSCALE /**/
| #define USE_VICE_THREAD /**/
| #define HAVE_DINPUT /**/
| #define HAVE_DINPUT_LIB /**/
| #define HAVE_LIBICONV 1
| #define HAVE_RESID /**/
| #define HAVE_RESID_DTV /**/
| #define HAVE_RESIDFP /**/
| #define HAVE_SYS_TYPES_H 1
| /* end confdefs.h.  */
| #include <stddef.h>
| #ifdef HAVE_STDIO_H
| # include <stdio.h>
| #endif
| #ifdef HAVE_STDLIB_H
| # include <stdlib.h>
| #endif
| #ifdef HAVE_STRING_H
| # include <string.h>
| #endif
| #ifdef HAVE_INTTYPES_H
| # include <inttypes.h>
| #endif
| #ifdef HAVE_STDINT_H
| # include <stdint.h>
| #endif
| #ifdef HAVE_STRINGS_H
| # include <strings.h>
| #endif
| #ifdef HAVE_SYS_TYPES_H
| # include <sys/types.h>
| #endif
| #ifdef HAVE_SYS_STAT_H
| # include <sys/stat.h>
| #endif
| #ifdef HAVE_UNISTD_H
| # include <unistd.h>
| #endif
| 
| int
| main (void)
| {
| if (sizeof ((pid_t)))
| 	    return 0;
|   ;
|   return 0;
| }
configure:18249: result: yes
configure:18287: checking for size_t
configure:18287: cc -c   conftest.c >&5
configure:18287: $? = 0
configure:18287: cc -c   conftest.c >&5
conftest.c: In function 'main':
conftest.c:84:21: error: expected expression before ')' token
   84 | if (sizeof ((size_t)))
      |                     ^
configure:18287: $? = 1
configure: failed program was:
| /* confdefs.h */
| #define PACKAGE_NAME "vice"
| #define PACKAGE_TARNAME "vice"
| #define PACKAGE_VERSION "3.10"
| #define PACKAGE_STRING "vice 3.10"
| #define PACKAGE_BUGREPORT ""
| #define PACKAGE_URL ""
| #define CONFIGURE_FLAGS "--host=i686-w64-mingw32 --enable-native-tools"
| #define PACKAGE "vice"
| #define VERSION "3.10"
| #define HAVE_CXX11 1
| #define YYTEXT_POINTER 1
| #define _FILE_OFFSET_BITS 64
| #define HAVE_STDIO_H 1
| #define HAVE_STDLIB_H 1
| #define HAVE_STRING_H 1
| #define HAVE_INTTYPES_H 1
| #define HAVE_STDINT_H 1
| #define HAVE_STRINGS_H 1
| #define HAVE_SYS_STAT_H 1
| #define HAVE_SYS_TYPES_H 1
| #define HAVE_UNISTD_H 1
| #define STDC_HEADERS 1
| #define FEATURE_CPUMEMHISTORY /**/
| #define HAVE_NEW_8580_FILTER /**/
| #define HAVE_TIME_T_IN_TIME_H /**/
| #define HAVE_TIME_T_IN_TYPES_H /**/
| #define SIZEOF_TIME_T 8
| #define TIME_T_IS_64BIT /**/
| #define HAVE_COMMCTRL_H 1
| #define HAVE_SHLOBJ_H 1
| #define HAVE_WINIOCTL_H 1
| #define HAVE_WINSOCK_H 1
| #define HAVE_HTONL /**/
| #define HAVE_HTONS /**/
| #define HAVE_NETWORK /**/
| #define HAVE_RS232NET /**/
| #define HAVE_LIBUSB_1_0_LIBUSB_H 1
| #define HAVE_USBSID /**/
| #define HAVE_HARDSID /**/
| #define HAVE_RS232DEV /**/
| #define USE_GTK3UI /**/
| #define HAVE_HWSCALE /**/
| #define USE_VICE_THREAD /**/
| #define HAVE_DINPUT /**/
| #define HAVE_DINPUT_LIB /**/
| #define HAVE_LIBICONV 1
| #define HAVE_RESID /**/
| #define HAVE_RESID_DTV /**/
| #define HAVE_RESIDFP /**/
| #define HAVE_SYS_TYPES_H 1
| /* end confdefs.h.  */
| #include <stddef.h>
| #ifdef HAVE_STDIO_H
| # include <stdio.h>
| #endif
| #ifdef HAVE_STDLIB_H
| # include <stdlib.h>
| #endif
| #ifdef HAVE_STRING_H
| # include <string.h>
| #endif
| #ifdef HAVE_INTTYPES_H
| # include <inttypes.h>
| #endif
| #ifdef HAVE_STDINT_H
| # include <stdint.h>
| #endif
| #ifdef HAVE_STRINGS_H
| # include <strings.h>
| #endif
| #ifdef HAVE_SYS_TYPES_H
| # include <sys/types.h>
| #endif
| #ifdef HAVE_SYS_STAT_H
| # include <sys/stat.h>
| #endif
| #ifdef HAVE_UNISTD_H
| # include <unistd.h>
| #endif
| int
| main (void)
| {
| if (sizeof ((size_t)))
| 	    return 0;
|   ;
|   return 0;
| }
configure:18287: result: yes
configure:18298: checking for ssize_t
configure:18298: result: yes
configure:18313: checking whether byte ordering is bigendian
configure:18329: cc -c   conftest.c >&5
conftest.c:54:16: error: unknown type name 'not'
   54 |                not a universal capable compiler
      |                ^~~
conftest.c:54:22: error: expected '=', ',', ';', 'asm' or '__attribute__' before 'universal'
   54 |                not a universal capable compiler
      |                      ^~~~~~~~~
conftest.c:54:22: error: unknown type name 'universal'
configure:18329: $? = 1
configure: failed program was:
| /* confdefs.h */
| #define PACKAGE_NAME "vice"
| #define PACKAGE_TARNAME "vice"
| #define PACKAGE_VERSION "3.10"
| #define PACKAGE_STRING "vice 3.10"
| #define PACKAGE_BUGREPORT ""
| #define PACKAGE_URL ""
| #define CONFIGURE_FLAGS "--host=i686-w64-mingw32 --enable-native-tools"
| #define PACKAGE "vice"
| #define VERSION "3.10"
| #define HAVE_CXX11 1
| #define YYTEXT_POINTER 1
| #define _FILE_OFFSET_BITS 64
| #define HAVE_STDIO_H 1
| #define HAVE_STDLIB_H 1
| #define HAVE_STRING_H 1
| #define HAVE_INTTYPES_H 1
| #define HAVE_STDINT_H 1
| #define HAVE_STRINGS_H 1
| #define HAVE_SYS_STAT_H 1
| #define HAVE_SYS_TYPES_H 1
| #define HAVE_UNISTD_H 1
| #define STDC_HEADERS 1
| #define FEATURE_CPUMEMHISTORY /**/
| #define HAVE_NEW_8580_FILTER /**/
| #define HAVE_TIME_T_IN_TIME_H /**/
| #define HAVE_TIME_T_IN_TYPES_H /**/
| #define SIZEOF_TIME_T 8
| #define TIME_T_IS_64BIT /**/
| #define HAVE_COMMCTRL_H 1
| #define HAVE_SHLOBJ_H 1
| #define HAVE_WINIOCTL_H 1
| #define HAVE_WINSOCK_H 1
| #define HAVE_HTONL /**/
| #define HAVE_HTONS /**/
| #define HAVE_NETWORK /**/
| #define HAVE_RS232NET /**/
| #define HAVE_LIBUSB_1_0_LIBUSB_H 1
| #define HAVE_USBSID /**/
| #define HAVE_HARDSID /**/
| #define HAVE_RS232DEV /**/
| #define USE_GTK3UI /**/
| #define HAVE_HWSCALE /**/
| #define USE_VICE_THREAD /**/
| #define HAVE_DINPUT /**/
| #define HAVE_DINPUT_LIB /**/
| #define HAVE_LIBICONV 1
| #define HAVE_RESID /**/
| #define HAVE_RESID_DTV /**/
| #define HAVE_RESIDFP /**/
| #define HAVE_SYS_TYPES_H 1
| /* end confdefs.h.  */
| #ifndef __APPLE_CC__
| 	       not a universal capable compiler
| 	     #endif
| 	     typedef int dummy;
| 
configure:18375: cc -c   conftest.c >&5
configure:18375: $? = 0
configure:18394: cc -c   conftest.c >&5
conftest.c: In function 'main':
conftest.c:60:18: error: unknown type name 'not'; did you mean 'ino_t'?
   60 |                  not big endian
      |                  ^~~
      |                  ino_t
conftest.c:60:26: error: expected '=', ',', ';', 'asm' or '__attribute__' before 'endian'
   60 |                  not big endian
      |                          ^~~~~~
configure:18394: $? = 1
configure: failed program was:
| /* confdefs.h */
| #define PACKAGE_NAME "vice"
| #define PACKAGE_TARNAME "vice"
| #define PACKAGE_VERSION "3.10"
| #define PACKAGE_STRING "vice 3.10"
| #define PACKAGE_BUGREPORT ""
| #define PACKAGE_URL ""
| #define CONFIGURE_FLAGS "--host=i686-w64-mingw32 --enable-native-tools"
| #define PACKAGE "vice"
| #define VERSION "3.10"
| #define HAVE_CXX11 1
| #define YYTEXT_POINTER 1
| #define _FILE_OFFSET_BITS 64
| #define HAVE_STDIO_H 1
| #define HAVE_STDLIB_H 1
| #define HAVE_STRING_H 1
| #define HAVE_INTTYPES_H 1
| #define HAVE_STDINT_H 1
| #define HAVE_STRINGS_H 1
| #define HAVE_SYS_STAT_H 1
| #define HAVE_SYS_TYPES_H 1
| #define HAVE_UNISTD_H 1
| #define STDC_HEADERS 1
| #define FEATURE_CPUMEMHISTORY /**/
| #define HAVE_NEW_8580_FILTER /**/
| #define HAVE_TIME_T_IN_TIME_H /**/
| #define HAVE_TIME_T_IN_TYPES_H /**/
| #define SIZEOF_TIME_T 8
| #define TIME_T_IS_64BIT /**/
| #define HAVE_COMMCTRL_H 1
| #define HAVE_SHLOBJ_H 1
| #define HAVE_WINIOCTL_H 1
| #define HAVE_WINSOCK_H 1
| #define HAVE_HTONL /**/
| #define HAVE_HTONS /**/
| #define HAVE_NETWORK /**/
| #define HAVE_RS232NET /**/
| #define HAVE_LIBUSB_1_0_LIBUSB_H 1
| #define HAVE_USBSID /**/
| #define HAVE_HARDSID /**/
| #define HAVE_RS232DEV /**/
| #define USE_GTK3UI /**/
| #define HAVE_HWSCALE /**/
| #define USE_VICE_THREAD /**/
| #define HAVE_DINPUT /**/
| #define HAVE_DINPUT_LIB /**/
| #define HAVE_LIBICONV 1
| #define HAVE_RESID /**/
| #define HAVE_RESID_DTV /**/
| #define HAVE_RESIDFP /**/
| #define HAVE_SYS_TYPES_H 1
| /* end confdefs.h.  */
| #include <sys/types.h>
| 		#include <sys/param.h>
| 
| int
| main (void)
| {
| #if BYTE_ORDER != BIG_ENDIAN
| 		 not big endian
| 		#endif
| 
|   ;
|   return 0;
| }
configure:18535: result: no
configure:18586: checking size of unsigned short
configure:18592: cc -o conftest.exe    conftest.c -liconv -ldinput8 -lopengl32 -lusb-1.0  -lwinmm -lntdll -ld2d1 -ld3d11 -lavrt -lwsock32 -lmingwex -lmsvcrt -lgtk-3 -lgdk-3 -lgdi32 -limm32 -lshell32 -lole32 -luuid -lwinmm -ldwmapi -lsetupapi -lcfgmgr32 -lhid -lwinspool -lcomctl32 -lcomdlg32 -lpangowin32-1.0 -lpangocairo-1.0 -lpango-1.0 -lharfbuzz -lz -latk-1.0 -lcairo-gobject -lcairo -lgdk_pixbuf-2.0 -lgio-2.0 -lgobject-2.0 -lglib-2.0 -lintl -lglib-2.0 -lintl -lglew32 -static-libgcc >&5
configure:18592: $? = 0
configure:18592: ./conftest.exe
configure:18592: $? = 0
configure:18602: result: 2
configure:18614: checking size of unsigned int
configure:18620: cc -o conftest.exe    conftest.c -liconv -ldinput8 -lopengl32 -lusb-1.0  -lwinmm -lntdll -ld2d1 -ld3d11 -lavrt -lwsock32 -lmingwex -lmsvcrt -lgtk-3 -lgdk-3 -lgdi32 -limm32 -lshell32 -lole32 -luuid -lwinmm -ldwmapi -lsetupapi -lcfgmgr32 -lhid -lwinspool -lcomctl32 -lcomdlg32 -lpangowin32-1.0 -lpangocairo-1.0 -lpango-1.0 -lharfbuzz -lz -latk-1.0 -lcairo-gobject -lcairo -lgdk_pixbuf-2.0 -lgio-2.0 -lgobject-2.0 -lglib-2.0 -lintl -lglib-2.0 -lintl -lglew32 -static-libgcc >&5
configure:18620: $? = 0
configure:18620: ./conftest.exe
configure:18620: $? = 0
configure:18630: result: 4
configure:18642: checking size of unsigned long
configure:18648: cc -o conftest.exe    conftest.c -liconv -ldinput8 -lopengl32 -lusb-1.0  -lwinmm -lntdll -ld2d1 -ld3d11 -lavrt -lwsock32 -lmingwex -lmsvcrt -lgtk-3 -lgdk-3 -lgdi32 -limm32 -lshell32 -lole32 -luuid -lwinmm -ldwmapi -lsetupapi -lcfgmgr32 -lhid -lwinspool -lcomctl32 -lcomdlg32 -lpangowin32-1.0 -lpangocairo-1.0 -lpango-1.0 -lharfbuzz -lz -latk-1.0 -lcairo-gobject -lcairo -lgdk_pixbuf-2.0 -lgio-2.0 -lgobject-2.0 -lglib-2.0 -lintl -lglib-2.0 -lintl -lglew32 -static-libgcc >&5
configure:18648: $? = 0
configure:18648: ./conftest.exe
configure:18648: $? = 0
configure:18658: result: 4
configure:18671: checking for dirent.h that defines DIR
configure:18691: cc -c   conftest.c >&5
configure:18691: $? = 0
configure:18702: result: yes
configure:18716: checking for library containing opendir
configure:18752: cc -o conftest.exe    conftest.c -liconv -ldinput8 -lopengl32 -lusb-1.0  -lwinmm -lntdll -ld2d1 -ld3d11 -lavrt -lwsock32 -lmingwex -lmsvcrt -lgtk-3 -lgdk-3 -lgdi32 -limm32 -lshell32 -lole32 -luuid -lwinmm -ldwmapi -lsetupapi -lcfgmgr32 -lhid -lwinspool -lcomctl32 -lcomdlg32 -lpangowin32-1.0 -lpangocairo-1.0 -lpango-1.0 -lharfbuzz -lz -latk-1.0 -lcairo-gobject -lcairo -lgdk_pixbuf-2.0 -lgio-2.0 -lgobject-2.0 -lglib-2.0 -lintl -lglib-2.0 -lintl -lglew32 -static-libgcc >&5
configure:18752: $? = 0
configure:18774: result: none required
configure:18853: checking for direct.h
configure:18853: cc -c   conftest.c >&5
configure:18853: $? = 0
configure:18853: result: yes
configure:18859: checking for errno.h
configure:18859: cc -c   conftest.c >&5
configure:18859: $? = 0
configure:18859: result: yes
configure:18865: checking for fcntl.h
configure:18865: cc -c   conftest.c >&5
configure:18865: $? = 0
configure:18865: result: yes
configure:18871: checking for limits.h
configure:18871: cc -c   conftest.c >&5
configure:18871: $? = 0
configure:18871: result: yes
configure:18877: checking for regex.h
configure:18877: cc -c   conftest.c >&5
configure:18877: $? = 0
configure:18877: result: yes
configure:18883: checking for unistd.h
configure:18883: result: yes
configure:18889: checking for strings.h
configure:18889: result: yes
configure:18895: checking for sys/dirent.h
configure:18895: cc -c   conftest.c >&5
conftest.c:92:10: fatal error: sys/dirent.h: No such file or directory
   92 | #include <sys/dirent.h>
      |          ^~~~~~~~~~~~~~
compilation terminated.
configure:18895: $? = 1
configure: failed program was:
| /* confdefs.h */
| #define PACKAGE_NAME "vice"
| #define PACKAGE_TARNAME "vice"
| #define PACKAGE_VERSION "3.10"
| #define PACKAGE_STRING "vice 3.10"
| #define PACKAGE_BUGREPORT ""
| #define PACKAGE_URL ""
| #define CONFIGURE_FLAGS "--host=i686-w64-mingw32 --enable-native-tools"
| #define PACKAGE "vice"
| #define VERSION "3.10"
| #define HAVE_CXX11 1
| #define YYTEXT_POINTER 1
| #define _FILE_OFFSET_BITS 64
| #define HAVE_STDIO_H 1
| #define HAVE_STDLIB_H 1
| #define HAVE_STRING_H 1
| #define HAVE_INTTYPES_H 1
| #define HAVE_STDINT_H 1
| #define HAVE_STRINGS_H 1
| #define HAVE_SYS_STAT_H 1
| #define HAVE_SYS_TYPES_H 1
| #define HAVE_UNISTD_H 1
| #define STDC_HEADERS 1
| #define FEATURE_CPUMEMHISTORY /**/
| #define HAVE_NEW_8580_FILTER /**/
| #define HAVE_TIME_T_IN_TIME_H /**/
| #define HAVE_TIME_T_IN_TYPES_H /**/
| #define SIZEOF_TIME_T 8
| #define TIME_T_IS_64BIT /**/
| #define HAVE_COMMCTRL_H 1
| #define HAVE_SHLOBJ_H 1
| #define HAVE_WINIOCTL_H 1
| #define HAVE_WINSOCK_H 1
| #define HAVE_HTONL /**/
| #define HAVE_HTONS /**/
| #define HAVE_NETWORK /**/
| #define HAVE_RS232NET /**/
| #define HAVE_LIBUSB_1_0_LIBUSB_H 1
| #define HAVE_USBSID /**/
| #define HAVE_HARDSID /**/
| #define HAVE_RS232DEV /**/
| #define USE_GTK3UI /**/
| #define HAVE_HWSCALE /**/
| #define USE_VICE_THREAD /**/
| #define HAVE_DINPUT /**/
| #define HAVE_DINPUT_LIB /**/
| #define HAVE_LIBICONV 1
| #define HAVE_RESID /**/
| #define HAVE_RESID_DTV /**/
| #define HAVE_RESIDFP /**/
| #define HAVE_SYS_TYPES_H 1
| #define SIZEOF_UNSIGNED_SHORT 2
| #define SIZEOF_UNSIGNED_INT 4
| #define SIZEOF_UNSIGNED_LONG 4
| #define HAVE_DIRENT_H 1
| #define HAVE_DIRECT_H 1
| #define HAVE_ERRNO_H 1
| #define HAVE_FCNTL_H 1
| #define HAVE_LIMITS_H 1
| #define HAVE_REGEX_H 1
| #define HAVE_UNISTD_H 1
| #define HAVE_STRINGS_H 1
| /* end confdefs.h.  */
| #include <stddef.h>
| #ifdef HAVE_STDIO_H
| # include <stdio.h>
| #endif
| #ifdef HAVE_STDLIB_H
| # include <stdlib.h>
| #endif
| #ifdef HAVE_STRING_H
| # include <string.h>
| #endif
| #ifdef HAVE_INTTYPES_H
| # include <inttypes.h>
| #endif
| #ifdef HAVE_STDINT_H
| # include <stdint.h>
| #endif
| #ifdef HAVE_STRINGS_H
| # include <strings.h>
| #endif
| #ifdef HAVE_SYS_TYPES_H
| # include <sys/types.h>
| #endif
| #ifdef HAVE_SYS_STAT_H
| # include <sys/stat.h>
| #endif
| #ifdef HAVE_UNISTD_H
| # include <unistd.h>
| #endif
| #include <sys/dirent.h>
configure:18895: result: no
configure:18901: checking for sys/stat.h
configure:18901: result: yes
configure:18907: checking for inttypes.h
configure:18907: result: yes
configure:18913: checking for libgen.h
configure:18913: cc -c   conftest.c >&5
configure:18913: $? = 0
configure:18913: result: yes
configure:18919: checking for sys/ioctl.h
configure:18919: cc -c   conftest.c >&5
conftest.c:95:10: fatal error: sys/ioctl.h: No such file or directory
   95 | #include <sys/ioctl.h>
      |          ^~~~~~~~~~~~~
compilation terminated.
configure:18919: $? = 1
configure: failed program was:
| /* confdefs.h */
| #define PACKAGE_NAME "vice"
| #define PACKAGE_TARNAME "vice"
| #define PACKAGE_VERSION "3.10"
| #define PACKAGE_STRING "vice 3.10"
| #define PACKAGE_BUGREPORT ""
| #define PACKAGE_URL ""
| #define CONFIGURE_FLAGS "--host=i686-w64-mingw32 --enable-native-tools"
| #define PACKAGE "vice"
| #define VERSION "3.10"
| #define HAVE_CXX11 1
| #define YYTEXT_POINTER 1
| #define _FILE_OFFSET_BITS 64
| #define HAVE_STDIO_H 1
| #define HAVE_STDLIB_H 1
| #define HAVE_STRING_H 1
| #define HAVE_INTTYPES_H 1
| #define HAVE_STDINT_H 1
| #define HAVE_STRINGS_H 1
| #define HAVE_SYS_STAT_H 1
| #define HAVE_SYS_TYPES_H 1
| #define HAVE_UNISTD_H 1
| #define STDC_HEADERS 1
| #define FEATURE_CPUMEMHISTORY /**/
| #define HAVE_NEW_8580_FILTER /**/
| #define HAVE_TIME_T_IN_TIME_H /**/
| #define HAVE_TIME_T_IN_TYPES_H /**/
| #define SIZEOF_TIME_T 8
| #define TIME_T_IS_64BIT /**/
| #define HAVE_COMMCTRL_H 1
| #define HAVE_SHLOBJ_H 1
| #define HAVE_WINIOCTL_H 1
| #define HAVE_WINSOCK_H 1
| #define HAVE_HTONL /**/
| #define HAVE_HTONS /**/
| #define HAVE_NETWORK /**/
| #define HAVE_RS232NET /**/
| #define HAVE_LIBUSB_1_0_LIBUSB_H 1
| #define HAVE_USBSID /**/
| #define HAVE_HARDSID /**/
| #define HAVE_RS232DEV /**/
| #define USE_GTK3UI /**/
| #define HAVE_HWSCALE /**/
| #define USE_VICE_THREAD /**/
| #define HAVE_DINPUT /**/
| #define HAVE_DINPUT_LIB /**/
| #define HAVE_LIBICONV 1
| #define HAVE_RESID /**/
| #define HAVE_RESID_DTV /**/
| #define HAVE_RESIDFP /**/
| #define HAVE_SYS_TYPES_H 1
| #define SIZEOF_UNSIGNED_SHORT 2
| #define SIZEOF_UNSIGNED_INT 4
| #define SIZEOF_UNSIGNED_LONG 4
| #define HAVE_DIRENT_H 1
| #define HAVE_DIRECT_H 1
| #define HAVE_ERRNO_H 1
| #define HAVE_FCNTL_H 1
| #define HAVE_LIMITS_H 1
| #define HAVE_REGEX_H 1
| #define HAVE_UNISTD_H 1
| #define HAVE_STRINGS_H 1
| #define HAVE_SYS_STAT_H 1
| #define HAVE_INTTYPES_H 1
| #define HAVE_LIBGEN_H 1
| /* end confdefs.h.  */
| #include <stddef.h>
| #ifdef HAVE_STDIO_H
| # include <stdio.h>
| #endif
| #ifdef HAVE_STDLIB_H
| # include <stdlib.h>
| #endif
| #ifdef HAVE_STRING_H
| # include <string.h>
| #endif
| #ifdef HAVE_INTTYPES_H
| # include <inttypes.h>
| #endif
| #ifdef HAVE_STDINT_H
| # include <stdint.h>
| #endif
| #ifdef HAVE_STRINGS_H
| # include <strings.h>
| #endif
| #ifdef HAVE_SYS_TYPES_H
| # include <sys/types.h>
| #endif
| #ifdef HAVE_SYS_STAT_H
| # include <sys/stat.h>
| #endif
| #ifdef HAVE_UNISTD_H
| # include <unistd.h>
| #endif
| #include <sys/ioctl.h>
configure:18919: result: no
configure:18925: checking for dir.h
configure:18925: cc -c   conftest.c >&5
configure:18925: $? = 0
configure:18925: result: yes
configure:18931: checking for io.h
configure:18931: cc -c   conftest.c >&5
configure:18931: $? = 0
configure:18931: result: yes
configure:18937: checking for process.h
configure:18937: cc -c   conftest.c >&5
configure:18937: $? = 0
configure:18937: result: yes
configure:18943: checking for signal.h
configure:18943: cc -c   conftest.c >&5
configure:18943: $? = 0
configure:18943: result: yes
configure:18949: checking for alloca.h
configure:18949: cc -c   conftest.c >&5
conftest.c:99:10: fatal error: alloca.h: No such file or directory
   99 | #include <alloca.h>
      |          ^~~~~~~~~~
compilation terminated.
configure:18949: $? = 1
configure: failed program was:
| /* confdefs.h */
| #define PACKAGE_NAME "vice"
| #define PACKAGE_TARNAME "vice"
| #define PACKAGE_VERSION "3.10"
| #define PACKAGE_STRING "vice 3.10"
| #define PACKAGE_BUGREPORT ""
| #define PACKAGE_URL ""
| #define CONFIGURE_FLAGS "--host=i686-w64-mingw32 --enable-native-tools"
| #define PACKAGE "vice"
| #define VERSION "3.10"
| #define HAVE_CXX11 1
| #define YYTEXT_POINTER 1
| #define _FILE_OFFSET_BITS 64
| #define HAVE_STDIO_H 1
| #define HAVE_STDLIB_H 1
| #define HAVE_STRING_H 1
| #define HAVE_INTTYPES_H 1
| #define HAVE_STDINT_H 1
| #define HAVE_STRINGS_H 1
| #define HAVE_SYS_STAT_H 1
| #define HAVE_SYS_TYPES_H 1
| #define HAVE_UNISTD_H 1
| #define STDC_HEADERS 1
| #define FEATURE_CPUMEMHISTORY /**/
| #define HAVE_NEW_8580_FILTER /**/
| #define HAVE_TIME_T_IN_TIME_H /**/
| #define HAVE_TIME_T_IN_TYPES_H /**/
| #define SIZEOF_TIME_T 8
| #define TIME_T_IS_64BIT /**/
| #define HAVE_COMMCTRL_H 1
| #define HAVE_SHLOBJ_H 1
| #define HAVE_WINIOCTL_H 1
| #define HAVE_WINSOCK_H 1
| #define HAVE_HTONL /**/
| #define HAVE_HTONS /**/
| #define HAVE_NETWORK /**/
| #define HAVE_RS232NET /**/
| #define HAVE_LIBUSB_1_0_LIBUSB_H 1
| #define HAVE_USBSID /**/
| #define HAVE_HARDSID /**/
| #define HAVE_RS232DEV /**/
| #define USE_GTK3UI /**/
| #define HAVE_HWSCALE /**/
| #define USE_VICE_THREAD /**/
| #define HAVE_DINPUT /**/
| #define HAVE_DINPUT_LIB /**/
| #define HAVE_LIBICONV 1
| #define HAVE_RESID /**/
| #define HAVE_RESID_DTV /**/
| #define HAVE_RESIDFP /**/
| #define HAVE_SYS_TYPES_H 1
| #define SIZEOF_UNSIGNED_SHORT 2
| #define SIZEOF_UNSIGNED_INT 4
| #define SIZEOF_UNSIGNED_LONG 4
| #define HAVE_DIRENT_H 1
| #define HAVE_DIRECT_H 1
| #define HAVE_ERRNO_H 1
| #define HAVE_FCNTL_H 1
| #define HAVE_LIMITS_H 1
| #define HAVE_REGEX_H 1
| #define HAVE_UNISTD_H 1
| #define HAVE_STRINGS_H 1
| #define HAVE_SYS_STAT_H 1
| #define HAVE_INTTYPES_H 1
| #define HAVE_LIBGEN_H 1
| #define HAVE_DIR_H 1
| #define HAVE_IO_H 1
| #define HAVE_PROCESS_H 1
| #define HAVE_SIGNAL_H 1
| /* end confdefs.h.  */
| #include <stddef.h>
| #ifdef HAVE_STDIO_H
| # include <stdio.h>
| #endif
| #ifdef HAVE_STDLIB_H
| # include <stdlib.h>
| #endif
| #ifdef HAVE_STRING_H
| # include <string.h>
| #endif
| #ifdef HAVE_INTTYPES_H
| # include <inttypes.h>
| #endif
| #ifdef HAVE_STDINT_H
| # include <stdint.h>
| #endif
| #ifdef HAVE_STRINGS_H
| # include <strings.h>
| #endif
| #ifdef HAVE_SYS_TYPES_H
| # include <sys/types.h>
| #endif
| #ifdef HAVE_SYS_STAT_H
| # include <sys/stat.h>
| #endif
| #ifdef HAVE_UNISTD_H
| # include <unistd.h>
| #endif
| #include <alloca.h>
configure:18949: result: no
configure:18955: checking for wchar.h
configure:18955: cc -c   conftest.c >&5
configure:18955: $? = 0
configure:18955: result: yes
configure:18961: checking for stdint.h
configure:18961: result: yes
configure:18967: checking for sys/time.h
configure:18967: cc -c   conftest.c >&5
configure:18967: $? = 0
configure:18967: result: yes
configure:18976: checking for regexp.h
configure:18976: cc -c   conftest.c >&5
conftest.c:82:10: fatal error: regexp.h: No such file or directory
   82 | #include <regexp.h>
      |          ^~~~~~~~~~
compilation terminated.
configure:18976: $? = 1
configure: failed program was:
| /* confdefs.h */
| #define PACKAGE_NAME "vice"
| #define PACKAGE_TARNAME "vice"
| #define PACKAGE_VERSION "3.10"
| #define PACKAGE_STRING "vice 3.10"
| #define PACKAGE_BUGREPORT ""
| #define PACKAGE_URL ""
| #define CONFIGURE_FLAGS "--host=i686-w64-mingw32 --enable-native-tools"
| #define PACKAGE "vice"
| #define VERSION "3.10"
| #define HAVE_CXX11 1
| #define YYTEXT_POINTER 1
| #define _FILE_OFFSET_BITS 64
| #define HAVE_STDIO_H 1
| #define HAVE_STDLIB_H 1
| #define HAVE_STRING_H 1
| #define HAVE_INTTYPES_H 1
| #define HAVE_STDINT_H 1
| #define HAVE_STRINGS_H 1
| #define HAVE_SYS_STAT_H 1
| #define HAVE_SYS_TYPES_H 1
| #define HAVE_UNISTD_H 1
| #define STDC_HEADERS 1
| #define FEATURE_CPUMEMHISTORY /**/
| #define HAVE_NEW_8580_FILTER /**/
| #define HAVE_TIME_T_IN_TIME_H /**/
| #define HAVE_TIME_T_IN_TYPES_H /**/
| #define SIZEOF_TIME_T 8
| #define TIME_T_IS_64BIT /**/
| #define HAVE_COMMCTRL_H 1
| #define HAVE_SHLOBJ_H 1
| #define HAVE_WINIOCTL_H 1
| #define HAVE_WINSOCK_H 1
| #define HAVE_HTONL /**/
| #define HAVE_HTONS /**/
| #define HAVE_NETWORK /**/
| #define HAVE_RS232NET /**/
| #define HAVE_LIBUSB_1_0_LIBUSB_H 1
| #define HAVE_USBSID /**/
| #define HAVE_HARDSID /**/
| #define HAVE_RS232DEV /**/
| #define USE_GTK3UI /**/
| #define HAVE_HWSCALE /**/
| #define USE_VICE_THREAD /**/
| #define HAVE_DINPUT /**/
| #define HAVE_DINPUT_LIB /**/
| #define HAVE_LIBICONV 1
| #define HAVE_RESID /**/
| #define HAVE_RESID_DTV /**/
| #define HAVE_RESIDFP /**/
| #define HAVE_SYS_TYPES_H 1
| #define SIZEOF_UNSIGNED_SHORT 2
| #define SIZEOF_UNSIGNED_INT 4
| #define SIZEOF_UNSIGNED_LONG 4
| #define HAVE_DIRENT_H 1
| #define HAVE_DIRECT_H 1
| #define HAVE_ERRNO_H 1
| #define HAVE_FCNTL_H 1
| #define HAVE_LIMITS_H 1
| #define HAVE_REGEX_H 1
| #define HAVE_UNISTD_H 1
| #define HAVE_STRINGS_H 1
| #define HAVE_SYS_STAT_H 1
| #define HAVE_INTTYPES_H 1
| #define HAVE_LIBGEN_H 1
| #define HAVE_DIR_H 1
| #define HAVE_IO_H 1
| #define HAVE_PROCESS_H 1
| #define HAVE_SIGNAL_H 1
| #define HAVE_WCHAR_H 1
| #define HAVE_STDINT_H 1
| #define HAVE_SYS_TIME_H 1
| /* end confdefs.h.  */
| #define    INIT        register char *sp = instring;
|                  #define    GETC()      (*sp++)
|                  #define    PEEKC()     (*sp)
|                  #define    UNGETC(c)   sp
|                  #define    RETURN(ptr) return NULL;
|                  #define    ERROR(val)  _RegExpError(val)
| 
| 
| #include <regexp.h>
configure:18976: result: no
configure:18989: checking for cc options to detect undeclared functions
configure:19011: cc -c    conftest.c >&5
conftest.c: In function 'main':
conftest.c:78:8: error: 'strchr' undeclared (first use in this function)
   78 | (void) strchr;
      |        ^~~~~~
conftest.c:1:1: note: 'strchr' is defined in header '<string.h>'; this is probably fixable by adding '#include <string.h>'
    1 | /* confdefs.h */
conftest.c:78:8: note: each undeclared identifier is reported only once for each function it appears in
   78 | (void) strchr;
      |        ^~~~~~
configure:19011: $? = 1
configure: failed program was:
| /* confdefs.h */
| #define PACKAGE_NAME "vice"
| #define PACKAGE_TARNAME "vice"
| #define PACKAGE_VERSION "3.10"
| #define PACKAGE_STRING "vice 3.10"
| #define PACKAGE_BUGREPORT ""
| #define PACKAGE_URL ""
| #define CONFIGURE_FLAGS "--host=i686-w64-mingw32 --enable-native-tools"
| #define PACKAGE "vice"
| #define VERSION "3.10"
| #define HAVE_CXX11 1
| #define YYTEXT_POINTER 1
| #define _FILE_OFFSET_BITS 64
| #define HAVE_STDIO_H 1
| #define HAVE_STDLIB_H 1
| #define HAVE_STRING_H 1
| #define HAVE_INTTYPES_H 1
| #define HAVE_STDINT_H 1
| #define HAVE_STRINGS_H 1
| #define HAVE_SYS_STAT_H 1
| #define HAVE_SYS_TYPES_H 1
| #define HAVE_UNISTD_H 1
| #define STDC_HEADERS 1
| #define FEATURE_CPUMEMHISTORY /**/
| #define HAVE_NEW_8580_FILTER /**/
| #define HAVE_TIME_T_IN_TIME_H /**/
| #define HAVE_TIME_T_IN_TYPES_H /**/
| #define SIZEOF_TIME_T 8
| #define TIME_T_IS_64BIT /**/
| #define HAVE_COMMCTRL_H 1
| #define HAVE_SHLOBJ_H 1
| #define HAVE_WINIOCTL_H 1
| #define HAVE_WINSOCK_H 1
| #define HAVE_HTONL /**/
| #define HAVE_HTONS /**/
| #define HAVE_NETWORK /**/
| #define HAVE_RS232NET /**/
| #define HAVE_LIBUSB_1_0_LIBUSB_H 1
| #define HAVE_USBSID /**/
| #define HAVE_HARDSID /**/
| #define HAVE_RS232DEV /**/
| #define USE_GTK3UI /**/
| #define HAVE_HWSCALE /**/
| #define USE_VICE_THREAD /**/
| #define HAVE_DINPUT /**/
| #define HAVE_DINPUT_LIB /**/
| #define HAVE_LIBICONV 1
| #define HAVE_RESID /**/
| #define HAVE_RESID_DTV /**/
| #define HAVE_RESIDFP /**/
| #define HAVE_SYS_TYPES_H 1
| #define SIZEOF_UNSIGNED_SHORT 2
| #define SIZEOF_UNSIGNED_INT 4
| #define SIZEOF_UNSIGNED_LONG 4
| #define HAVE_DIRENT_H 1
| #define HAVE_DIRECT_H 1
| #define HAVE_ERRNO_H 1
| #define HAVE_FCNTL_H 1
| #define HAVE_LIMITS_H 1
| #define HAVE_REGEX_H 1
| #define HAVE_UNISTD_H 1
| #define HAVE_STRINGS_H 1
| #define HAVE_SYS_STAT_H 1
| #define HAVE_INTTYPES_H 1
| #define HAVE_LIBGEN_H 1
| #define HAVE_DIR_H 1
| #define HAVE_IO_H 1
| #define HAVE_PROCESS_H 1
| #define HAVE_SIGNAL_H 1
| #define HAVE_WCHAR_H 1
| #define HAVE_STDINT_H 1
| #define HAVE_SYS_TIME_H 1
| /* end confdefs.h.  */
| 
| int
| main (void)
| {
| (void) strchr;
|   ;
|   return 0;
| }
configure:19038: cc -c    conftest.c >&5
configure:19038: $? = 0
configure:19058: result: none needed
configure:19072: checking for cc options to ignore future-version functions
configure:19094: cc -c   conftest.c >&5 -Werror=unguarded-availability-new
cc1.exe: error: '-Werror=unguarded-availability-new': no option '-Wunguarded-availability-new'
configure:19094: $? = 1
configure: failed program was:
| /* confdefs.h */
| #define PACKAGE_NAME "vice"
| #define PACKAGE_TARNAME "vice"
| #define PACKAGE_VERSION "3.10"
| #define PACKAGE_STRING "vice 3.10"
| #define PACKAGE_BUGREPORT ""
| #define PACKAGE_URL ""
| #define CONFIGURE_FLAGS "--host=i686-w64-mingw32 --enable-native-tools"
| #define PACKAGE "vice"
| #define VERSION "3.10"
| #define HAVE_CXX11 1
| #define YYTEXT_POINTER 1
| #define _FILE_OFFSET_BITS 64
| #define HAVE_STDIO_H 1
| #define HAVE_STDLIB_H 1
| #define HAVE_STRING_H 1
| #define HAVE_INTTYPES_H 1
| #define HAVE_STDINT_H 1
| #define HAVE_STRINGS_H 1
| #define HAVE_SYS_STAT_H 1
| #define HAVE_SYS_TYPES_H 1
| #define HAVE_UNISTD_H 1
| #define STDC_HEADERS 1
| #define FEATURE_CPUMEMHISTORY /**/
| #define HAVE_NEW_8580_FILTER /**/
| #define HAVE_TIME_T_IN_TIME_H /**/
| #define HAVE_TIME_T_IN_TYPES_H /**/
| #define SIZEOF_TIME_T 8
| #define TIME_T_IS_64BIT /**/
| #define HAVE_COMMCTRL_H 1
| #define HAVE_SHLOBJ_H 1
| #define HAVE_WINIOCTL_H 1
| #define HAVE_WINSOCK_H 1
| #define HAVE_HTONL /**/
| #define HAVE_HTONS /**/
| #define HAVE_NETWORK /**/
| #define HAVE_RS232NET /**/
| #define HAVE_LIBUSB_1_0_LIBUSB_H 1
| #define HAVE_USBSID /**/
| #define HAVE_HARDSID /**/
| #define HAVE_RS232DEV /**/
| #define USE_GTK3UI /**/
| #define HAVE_HWSCALE /**/
| #define USE_VICE_THREAD /**/
| #define HAVE_DINPUT /**/
| #define HAVE_DINPUT_LIB /**/
| #define HAVE_LIBICONV 1
| #define HAVE_RESID /**/
| #define HAVE_RESID_DTV /**/
| #define HAVE_RESIDFP /**/
| #define HAVE_SYS_TYPES_H 1
| #define SIZEOF_UNSIGNED_SHORT 2
| #define SIZEOF_UNSIGNED_INT 4
| #define SIZEOF_UNSIGNED_LONG 4
| #define HAVE_DIRENT_H 1
| #define HAVE_DIRECT_H 1
| #define HAVE_ERRNO_H 1
| #define HAVE_FCNTL_H 1
| #define HAVE_LIMITS_H 1
| #define HAVE_REGEX_H 1
| #define HAVE_UNISTD_H 1
| #define HAVE_STRINGS_H 1
| #define HAVE_SYS_STAT_H 1
| #define HAVE_INTTYPES_H 1
| #define HAVE_LIBGEN_H 1
| #define HAVE_DIR_H 1
| #define HAVE_IO_H 1
| #define HAVE_PROCESS_H 1
| #define HAVE_SIGNAL_H 1
| #define HAVE_WCHAR_H 1
| #define HAVE_STDINT_H 1
| #define HAVE_SYS_TIME_H 1
| /* end confdefs.h.  */
| #if ! (defined __APPLE__ && defined __MACH__)
| 	   #error "-Werror=unguarded-availability-new not needed here"
| 	  #endif
| 
| int
| main (void)
| {
| 
|   ;
|   return 0;
| }
configure:19106: result: none needed
configure:19115: checking whether sys_siglist is declared
configure:19115: cc -c    conftest.c >&5
conftest.c: In function 'main':
conftest.c:88:10: error: 'sys_siglist' undeclared (first use in this function)
   88 |   (void) sys_siglist;
      |          ^~~~~~~~~~~
conftest.c:88:10: note: each undeclared identifier is reported only once for each function it appears in
configure:19115: $? = 1
configure: failed program was:
| /* confdefs.h */
| #define PACKAGE_NAME "vice"
| #define PACKAGE_TARNAME "vice"
| #define PACKAGE_VERSION "3.10"
| #define PACKAGE_STRING "vice 3.10"
| #define PACKAGE_BUGREPORT ""
| #define PACKAGE_URL ""
| #define CONFIGURE_FLAGS "--host=i686-w64-mingw32 --enable-native-tools"
| #define PACKAGE "vice"
| #define VERSION "3.10"
| #define HAVE_CXX11 1
| #define YYTEXT_POINTER 1
| #define _FILE_OFFSET_BITS 64
| #define HAVE_STDIO_H 1
| #define HAVE_STDLIB_H 1
| #define HAVE_STRING_H 1
| #define HAVE_INTTYPES_H 1
| #define HAVE_STDINT_H 1
| #define HAVE_STRINGS_H 1
| #define HAVE_SYS_STAT_H 1
| #define HAVE_SYS_TYPES_H 1
| #define HAVE_UNISTD_H 1
| #define STDC_HEADERS 1
| #define FEATURE_CPUMEMHISTORY /**/
| #define HAVE_NEW_8580_FILTER /**/
| #define HAVE_TIME_T_IN_TIME_H /**/
| #define HAVE_TIME_T_IN_TYPES_H /**/
| #define SIZEOF_TIME_T 8
| #define TIME_T_IS_64BIT /**/
| #define HAVE_COMMCTRL_H 1
| #define HAVE_SHLOBJ_H 1
| #define HAVE_WINIOCTL_H 1
| #define HAVE_WINSOCK_H 1
| #define HAVE_HTONL /**/
| #define HAVE_HTONS /**/
| #define HAVE_NETWORK /**/
| #define HAVE_RS232NET /**/
| #define HAVE_LIBUSB_1_0_LIBUSB_H 1
| #define HAVE_USBSID /**/
| #define HAVE_HARDSID /**/
| #define HAVE_RS232DEV /**/
| #define USE_GTK3UI /**/
| #define HAVE_HWSCALE /**/
| #define USE_VICE_THREAD /**/
| #define HAVE_DINPUT /**/
| #define HAVE_DINPUT_LIB /**/
| #define HAVE_LIBICONV 1
| #define HAVE_RESID /**/
| #define HAVE_RESID_DTV /**/
| #define HAVE_RESIDFP /**/
| #define HAVE_SYS_TYPES_H 1
| #define SIZEOF_UNSIGNED_SHORT 2
| #define SIZEOF_UNSIGNED_INT 4
| #define SIZEOF_UNSIGNED_LONG 4
| #define HAVE_DIRENT_H 1
| #define HAVE_DIRECT_H 1
| #define HAVE_ERRNO_H 1
| #define HAVE_FCNTL_H 1
| #define HAVE_LIMITS_H 1
| #define HAVE_REGEX_H 1
| #define HAVE_UNISTD_H 1
| #define HAVE_STRINGS_H 1
| #define HAVE_SYS_STAT_H 1
| #define HAVE_INTTYPES_H 1
| #define HAVE_LIBGEN_H 1
| #define HAVE_DIR_H 1
| #define HAVE_IO_H 1
| #define HAVE_PROCESS_H 1
| #define HAVE_SIGNAL_H 1
| #define HAVE_WCHAR_H 1
| #define HAVE_STDINT_H 1
| #define HAVE_SYS_TIME_H 1
| /* end confdefs.h.  */
| #include <signal.h>
| /* NetBSD declares sys_siglist in unistd.h.  */
| #ifdef HAVE_UNISTD_H
| # include <unistd.h>
| #endif
| 
| 
| int
| main (void)
| {
| #ifndef sys_siglist
| #ifdef __cplusplus
|   (void) sys_siglist;
| #else
|   (void) sys_siglist;
| #endif
| #endif
| 
|   ;
|   return 0;
| }
configure:19115: result: no
configure:19134: checking for sys/capability.h
configure:19134: cc -c   conftest.c >&5
conftest.c:103:10: fatal error: sys/capability.h: No such file or directory
  103 | #include <sys/capability.h>
      |          ^~~~~~~~~~~~~~~~~~
compilation terminated.
configure:19134: $? = 1
configure: failed program was:
| /* confdefs.h */
| #define PACKAGE_NAME "vice"
| #define PACKAGE_TARNAME "vice"
| #define PACKAGE_VERSION "3.10"
| #define PACKAGE_STRING "vice 3.10"
| #define PACKAGE_BUGREPORT ""
| #define PACKAGE_URL ""
| #define CONFIGURE_FLAGS "--host=i686-w64-mingw32 --enable-native-tools"
| #define PACKAGE "vice"
| #define VERSION "3.10"
| #define HAVE_CXX11 1
| #define YYTEXT_POINTER 1
| #define _FILE_OFFSET_BITS 64
| #define HAVE_STDIO_H 1
| #define HAVE_STDLIB_H 1
| #define HAVE_STRING_H 1
| #define HAVE_INTTYPES_H 1
| #define HAVE_STDINT_H 1
| #define HAVE_STRINGS_H 1
| #define HAVE_SYS_STAT_H 1
| #define HAVE_SYS_TYPES_H 1
| #define HAVE_UNISTD_H 1
| #define STDC_HEADERS 1
| #define FEATURE_CPUMEMHISTORY /**/
| #define HAVE_NEW_8580_FILTER /**/
| #define HAVE_TIME_T_IN_TIME_H /**/
| #define HAVE_TIME_T_IN_TYPES_H /**/
| #define SIZEOF_TIME_T 8
| #define TIME_T_IS_64BIT /**/
| #define HAVE_COMMCTRL_H 1
| #define HAVE_SHLOBJ_H 1
| #define HAVE_WINIOCTL_H 1
| #define HAVE_WINSOCK_H 1
| #define HAVE_HTONL /**/
| #define HAVE_HTONS /**/
| #define HAVE_NETWORK /**/
| #define HAVE_RS232NET /**/
| #define HAVE_LIBUSB_1_0_LIBUSB_H 1
| #define HAVE_USBSID /**/
| #define HAVE_HARDSID /**/
| #define HAVE_RS232DEV /**/
| #define USE_GTK3UI /**/
| #define HAVE_HWSCALE /**/
| #define USE_VICE_THREAD /**/
| #define HAVE_DINPUT /**/
| #define HAVE_DINPUT_LIB /**/
| #define HAVE_LIBICONV 1
| #define HAVE_RESID /**/
| #define HAVE_RESID_DTV /**/
| #define HAVE_RESIDFP /**/
| #define HAVE_SYS_TYPES_H 1
| #define SIZEOF_UNSIGNED_SHORT 2
| #define SIZEOF_UNSIGNED_INT 4
| #define SIZEOF_UNSIGNED_LONG 4
| #define HAVE_DIRENT_H 1
| #define HAVE_DIRECT_H 1
| #define HAVE_ERRNO_H 1
| #define HAVE_FCNTL_H 1
| #define HAVE_LIMITS_H 1
| #define HAVE_REGEX_H 1
| #define HAVE_UNISTD_H 1
| #define HAVE_STRINGS_H 1
| #define HAVE_SYS_STAT_H 1
| #define HAVE_INTTYPES_H 1
| #define HAVE_LIBGEN_H 1
| #define HAVE_DIR_H 1
| #define HAVE_IO_H 1
| #define HAVE_PROCESS_H 1
| #define HAVE_SIGNAL_H 1
| #define HAVE_WCHAR_H 1
| #define HAVE_STDINT_H 1
| #define HAVE_SYS_TIME_H 1
| #define HAVE_DECL_SYS_SIGLIST 0
| /* end confdefs.h.  */
| #include <stddef.h>
| #ifdef HAVE_STDIO_H
| # include <stdio.h>
| #endif
| #ifdef HAVE_STDLIB_H
| # include <stdlib.h>
| #endif
| #ifdef HAVE_STRING_H
| # include <string.h>
| #endif
| #ifdef HAVE_INTTYPES_H
| # include <inttypes.h>
| #endif
| #ifdef HAVE_STDINT_H
| # include <stdint.h>
| #endif
| #ifdef HAVE_STRINGS_H
| # include <strings.h>
| #endif
| #ifdef HAVE_SYS_TYPES_H
| # include <sys/types.h>
| #endif
| #ifdef HAVE_SYS_STAT_H
| # include <sys/stat.h>
| #endif
| #ifdef HAVE_UNISTD_H
| # include <unistd.h>
| #endif
| #include <sys/capability.h>
configure:19134: result: no
configure:19588: checking for math.h
configure:19588: cc -c   conftest.c >&5
configure:19588: $? = 0
configure:19588: result: yes
configure:19595: checking for sqrt in -lm
configure:19624: cc -o conftest.exe    conftest.c -lm -liconv -ldinput8 -lopengl32 -lusb-1.0  -lwinmm -lntdll -ld2d1 -ld3d11 -lavrt -lwsock32 -lmingwex -lmsvcrt -lgtk-3 -lgdk-3 -lgdi32 -limm32 -lshell32 -lole32 -luuid -lwinmm -ldwmapi -lsetupapi -lcfgmgr32 -lhid -lwinspool -lcomctl32 -lcomdlg32 -lpangowin32-1.0 -lpangocairo-1.0 -lpango-1.0 -lharfbuzz -lz -latk-1.0 -lcairo-gobject -lcairo -lgdk_pixbuf-2.0 -lgio-2.0 -lgobject-2.0 -lglib-2.0 -lintl -lglib-2.0 -lintl -lglew32 -static-libgcc -liconv -ldinput8 -lopengl32 -lusb-1.0  -lwinmm -lntdll -ld2d1 -ld3d11 -lavrt -lwsock32 -lmingwex -lmsvcrt -lgtk-3 -lgdk-3 -lgdi32 -limm32 -lshell32 -lole32 -luuid -lwinmm -ldwmapi -lsetupapi -lcfgmgr32 -lhid -lwinspool -lcomctl32 -lcomdlg32 -lpangowin32-1.0 -lpangocairo-1.0 -lpango-1.0 -lharfbuzz -lz -latk-1.0 -lcairo-gobject -lcairo -lgdk_pixbuf-2.0 -lgio-2.0 -lgobject-2.0 -lglib-2.0 -lintl -lglib-2.0 -lintl -lglew32 -static-libgcc >&5
conftest.c:87:6: warning: conflicting types for built-in function 'sqrt'; expected 'double(double)' [-Wbuiltin-declaration-mismatch]
   87 | char sqrt (void);
      |      ^~~~
conftest.c:1:1: note: 'sqrt' is declared in header '<math.h>'
    1 | /* confdefs.h */
configure:19624: $? = 0
configure:19636: result: yes
configure:19650: checking for zlib.h
configure:19650: cc -c   conftest.c >&5
configure:19650: $? = 0
configure:19650: result: yes
configure:19658: checking for zlibVersion in -lz
configure:19699: result: yes
configure:19718: checking for libcurl
configure:19726: $PKG_CONFIG --exists --print-errors "libcurl >= 7.66.0"
configure:19729: $? = 0
configure:19744: $PKG_CONFIG --exists --print-errors "libcurl >= 7.66.0"
configure:19747: $? = 0
configure:19781: result: yes
configure:20595: checking if we are using glibc-2.20 and up
configure:20617: cc -o conftest.exe    conftest.c -lm -liconv -ldinput8 -lopengl32 -lusb-1.0  -lwinmm -lntdll -ld2d1 -ld3d11 -lavrt -lwsock32 -lmingwex -lmsvcrt -lgtk-3 -lgdk-3 -lgdi32 -limm32 -lshell32 -lole32 -luuid -lwinmm -ldwmapi -lsetupapi -lcfgmgr32 -lhid -lwinspool -lcomctl32 -lcomdlg32 -lpangowin32-1.0 -lpangocairo-1.0 -lpango-1.0 -lharfbuzz -lz -latk-1.0 -lcairo-gobject -lcairo -lgdk_pixbuf-2.0 -lgio-2.0 -lgobject-2.0 -lglib-2.0 -lintl -lglib-2.0 -lintl -lglew32 -static-libgcc -lcurl >&5
configure:20617: $? = 0
configure:20623: result: no
configure:21657: checking for fc-cache
configure:21680: found /ucrt64/bin/fc-cache
configure:21693: result: /ucrt64/bin/fc-cache
configure:21730: checking whether we can use directx sound
configure:21732: checking for dsound.h
configure:21732: cc -c   conftest.c >&5
configure:21732: $? = 0
configure:21732: result: yes
configure:21740: checking for -ldsound
configure:21760: cc -o conftest.exe    conftest.c -lm -liconv -ldinput8 -lopengl32 -lusb-1.0  -lwinmm -lntdll -ld2d1 -ld3d11 -lavrt -lwsock32 -lmingwex -lmsvcrt -lgtk-3 -lgdk-3 -lgdi32 -limm32 -lshell32 -lole32 -luuid -lwinmm -ldwmapi -lsetupapi -lcfgmgr32 -lhid -lwinspool -lcomctl32 -lcomdlg32 -lpangowin32-1.0 -lpangocairo-1.0 -lpango-1.0 -lharfbuzz -lz -latk-1.0 -lcairo-gobject -lcairo -lgdk_pixbuf-2.0 -lgio-2.0 -lgobject-2.0 -lglib-2.0 -lintl -lglib-2.0 -lintl -lglew32 -static-libgcc -lcurl -ldsound >&5
configure:21760: $? = 0
configure:21765: result: yes
configure:23304: checking return type of signal handlers
configure:23323: cc -c   conftest.c >&5
conftest.c: In function 'main':
conftest.c:88:10: error: void value not ignored as it ought to be
   88 | return *(signal (0, 0)) (0) == 1;
      |         ~^~~~~~~~~~~~~~~~~~
configure:23323: $? = 1
configure: failed program was:
| /* confdefs.h */
| #define PACKAGE_NAME "vice"
| #define PACKAGE_TARNAME "vice"
| #define PACKAGE_VERSION "3.10"
| #define PACKAGE_STRING "vice 3.10"
| #define PACKAGE_BUGREPORT ""
| #define PACKAGE_URL ""
| #define CONFIGURE_FLAGS "--host=i686-w64-mingw32 --enable-native-tools"
| #define PACKAGE "vice"
| #define VERSION "3.10"
| #define HAVE_CXX11 1
| #define YYTEXT_POINTER 1
| #define _FILE_OFFSET_BITS 64
| #define HAVE_STDIO_H 1
| #define HAVE_STDLIB_H 1
| #define HAVE_STRING_H 1
| #define HAVE_INTTYPES_H 1
| #define HAVE_STDINT_H 1
| #define HAVE_STRINGS_H 1
| #define HAVE_SYS_STAT_H 1
| #define HAVE_SYS_TYPES_H 1
| #define HAVE_UNISTD_H 1
| #define STDC_HEADERS 1
| #define FEATURE_CPUMEMHISTORY /**/
| #define HAVE_NEW_8580_FILTER /**/
| #define HAVE_TIME_T_IN_TIME_H /**/
| #define HAVE_TIME_T_IN_TYPES_H /**/
| #define SIZEOF_TIME_T 8
| #define TIME_T_IS_64BIT /**/
| #define HAVE_COMMCTRL_H 1
| #define HAVE_SHLOBJ_H 1
| #define HAVE_WINIOCTL_H 1
| #define HAVE_WINSOCK_H 1
| #define HAVE_HTONL /**/
| #define HAVE_HTONS /**/
| #define HAVE_NETWORK /**/
| #define HAVE_RS232NET /**/
| #define HAVE_LIBUSB_1_0_LIBUSB_H 1
| #define HAVE_USBSID /**/
| #define HAVE_HARDSID /**/
| #define HAVE_RS232DEV /**/
| #define USE_GTK3UI /**/
| #define HAVE_HWSCALE /**/
| #define USE_VICE_THREAD /**/
| #define HAVE_DINPUT /**/
| #define HAVE_DINPUT_LIB /**/
| #define HAVE_LIBICONV 1
| #define HAVE_RESID /**/
| #define HAVE_RESID_DTV /**/
| #define HAVE_RESIDFP /**/
| #define HAVE_SYS_TYPES_H 1
| #define SIZEOF_UNSIGNED_SHORT 2
| #define SIZEOF_UNSIGNED_INT 4
| #define SIZEOF_UNSIGNED_LONG 4
| #define HAVE_DIRENT_H 1
| #define HAVE_DIRECT_H 1
| #define HAVE_ERRNO_H 1
| #define HAVE_FCNTL_H 1
| #define HAVE_LIMITS_H 1
| #define HAVE_REGEX_H 1
| #define HAVE_UNISTD_H 1
| #define HAVE_STRINGS_H 1
| #define HAVE_SYS_STAT_H 1
| #define HAVE_INTTYPES_H 1
| #define HAVE_LIBGEN_H 1
| #define HAVE_DIR_H 1
| #define HAVE_IO_H 1
| #define HAVE_PROCESS_H 1
| #define HAVE_SIGNAL_H 1
| #define HAVE_WCHAR_H 1
| #define HAVE_STDINT_H 1
| #define HAVE_SYS_TIME_H 1
| #define HAVE_DECL_SYS_SIGLIST 0
| #define HAVE_DYNLIB_SUPPORT /**/
| #define HAVE_MATH_H 1
| #define HAVE_LIBM 1
| #define HAVE_ZLIB /**/
| #define HAVE_LIBCURL /**/
| #define USE_DXSOUND /**/
| #define HAVE_DSOUND_LIB /**/
| /* end confdefs.h.  */
| #include <sys/types.h>
| #include <signal.h>
| 
| int
| main (void)
| {
| return *(signal (0, 0)) (0) == 1;
|   ;
|   return 0;
| }
configure:23333: result: void
configure:23344: checking for fork
configure:23344: cc -o conftest.exe    conftest.c -lm -liconv -ldinput8 -lopengl32 -lusb-1.0  -lwinmm -lntdll -ld2d1 -ld3d11 -lavrt -lwsock32 -lmingwex -lmsvcrt -lgtk-3 -lgdk-3 -lgdi32 -limm32 -lshell32 -lole32 -luuid -lwinmm -ldwmapi -lsetupapi -lcfgmgr32 -lhid -lwinspool -lcomctl32 -lcomdlg32 -lpangowin32-1.0 -lpangocairo-1.0 -lpango-1.0 -lharfbuzz -lz -latk-1.0 -lcairo-gobject -lcairo -lgdk_pixbuf-2.0 -lgio-2.0 -lgobject-2.0 -lglib-2.0 -lintl -lglib-2.0 -lintl -lglew32 -static-libgcc -lcurl >&5
conftest.c:99:6: warning: conflicting types for built-in function 'fork'; expected 'int(void)' [-Wbuiltin-declaration-mismatch]
   99 | char fork (void);
      |      ^~~~
C:/msys64/ucrt64/bin/../lib/gcc/x86_64-w64-mingw32/16.1.0/../../../../x86_64-w64-mingw32/bin/ld.exe: C:\msys64\tmp\ccqm9eFA.o:conftest.c:(.text+0xe): undefined reference to `fork'
collect2.exe: error: ld returned 1 exit status
configure:23344: $? = 1
configure: failed program was:
| /* confdefs.h */
| #define PACKAGE_NAME "vice"
| #define PACKAGE_TARNAME "vice"
| #define PACKAGE_VERSION "3.10"
| #define PACKAGE_STRING "vice 3.10"
| #define PACKAGE_BUGREPORT ""
| #define PACKAGE_URL ""
| #define CONFIGURE_FLAGS "--host=i686-w64-mingw32 --enable-native-tools"
| #define PACKAGE "vice"
| #define VERSION "3.10"
| #define HAVE_CXX11 1
| #define YYTEXT_POINTER 1
| #define _FILE_OFFSET_BITS 64
| #define HAVE_STDIO_H 1
| #define HAVE_STDLIB_H 1
| #define HAVE_STRING_H 1
| #define HAVE_INTTYPES_H 1
| #define HAVE_STDINT_H 1
| #define HAVE_STRINGS_H 1
| #define HAVE_SYS_STAT_H 1
| #define HAVE_SYS_TYPES_H 1
| #define HAVE_UNISTD_H 1
| #define STDC_HEADERS 1
| #define FEATURE_CPUMEMHISTORY /**/
| #define HAVE_NEW_8580_FILTER /**/
| #define HAVE_TIME_T_IN_TIME_H /**/
| #define HAVE_TIME_T_IN_TYPES_H /**/
| #define SIZEOF_TIME_T 8
| #define TIME_T_IS_64BIT /**/
| #define HAVE_COMMCTRL_H 1
| #define HAVE_SHLOBJ_H 1
| #define HAVE_WINIOCTL_H 1
| #define HAVE_WINSOCK_H 1
| #define HAVE_HTONL /**/
| #define HAVE_HTONS /**/
| #define HAVE_NETWORK /**/
| #define HAVE_RS232NET /**/
| #define HAVE_LIBUSB_1_0_LIBUSB_H 1
| #define HAVE_USBSID /**/
| #define HAVE_HARDSID /**/
| #define HAVE_RS232DEV /**/
| #define USE_GTK3UI /**/
| #define HAVE_HWSCALE /**/
| #define USE_VICE_THREAD /**/
| #define HAVE_DINPUT /**/
| #define HAVE_DINPUT_LIB /**/
| #define HAVE_LIBICONV 1
| #define HAVE_RESID /**/
| #define HAVE_RESID_DTV /**/
| #define HAVE_RESIDFP /**/
| #define HAVE_SYS_TYPES_H 1
| #define SIZEOF_UNSIGNED_SHORT 2
| #define SIZEOF_UNSIGNED_INT 4
| #define SIZEOF_UNSIGNED_LONG 4
| #define HAVE_DIRENT_H 1
| #define HAVE_DIRECT_H 1
| #define HAVE_ERRNO_H 1
| #define HAVE_FCNTL_H 1
| #define HAVE_LIMITS_H 1
| #define HAVE_REGEX_H 1
| #define HAVE_UNISTD_H 1
| #define HAVE_STRINGS_H 1
| #define HAVE_SYS_STAT_H 1
| #define HAVE_INTTYPES_H 1
| #define HAVE_LIBGEN_H 1
| #define HAVE_DIR_H 1
| #define HAVE_IO_H 1
| #define HAVE_PROCESS_H 1
| #define HAVE_SIGNAL_H 1
| #define HAVE_WCHAR_H 1
| #define HAVE_STDINT_H 1
| #define HAVE_SYS_TIME_H 1
| #define HAVE_DECL_SYS_SIGLIST 0
| #define HAVE_DYNLIB_SUPPORT /**/
| #define HAVE_MATH_H 1
| #define HAVE_LIBM 1
| #define HAVE_ZLIB /**/
| #define HAVE_LIBCURL /**/
| #define USE_DXSOUND /**/
| #define HAVE_DSOUND_LIB /**/
| #define RETSIGTYPE void
| /* end confdefs.h.  */
| /* Define fork to an innocuous variant, in case <limits.h> declares fork.
|    For example, HP-UX 11i <limits.h> declares gettimeofday.  */
| #define fork innocuous_fork
| 
| /* System header to define __stub macros and hopefully few prototypes,
|    which can conflict with char fork (void); below.  */
| 
| #include <limits.h>
| #undef fork
| 
| /* Override any GCC internal prototype to avoid an error.
|    Use char because int might match the return type of a GCC
|    builtin and then its argument prototype would still apply.  */
| #ifdef __cplusplus
| extern "C"
| #endif
| char fork (void);
| /* The GNU C library defines this for functions which it implements
|     to always fail with ENOSYS.  Some functions are actually named
|     something starting with __ and the normal name is an alias.  */
| #if defined __stub_fork || defined __stub___fork
| choke me
| #endif
| 
| int
| main (void)
| {
| return fork ();
|   ;
|   return 0;
| }
configure:23344: result: no
configure:23344: checking for vfork
configure:23344: cc -o conftest.exe    conftest.c -lm -liconv -ldinput8 -lopengl32 -lusb-1.0  -lwinmm -lntdll -ld2d1 -ld3d11 -lavrt -lwsock32 -lmingwex -lmsvcrt -lgtk-3 -lgdk-3 -lgdi32 -limm32 -lshell32 -lole32 -luuid -lwinmm -ldwmapi -lsetupapi -lcfgmgr32 -lhid -lwinspool -lcomctl32 -lcomdlg32 -lpangowin32-1.0 -lpangocairo-1.0 -lpango-1.0 -lharfbuzz -lz -latk-1.0 -lcairo-gobject -lcairo -lgdk_pixbuf-2.0 -lgio-2.0 -lgobject-2.0 -lglib-2.0 -lintl -lglib-2.0 -lintl -lglew32 -static-libgcc -lcurl >&5
C:/msys64/ucrt64/bin/../lib/gcc/x86_64-w64-mingw32/16.1.0/../../../../x86_64-w64-mingw32/bin/ld.exe: C:\msys64\tmp\ccsp8JGC.o:conftest.c:(.text+0xe): undefined reference to `vfork'
collect2.exe: error: ld returned 1 exit status
configure:23344: $? = 1
configure: failed program was:
| /* confdefs.h */
| #define PACKAGE_NAME "vice"
| #define PACKAGE_TARNAME "vice"
| #define PACKAGE_VERSION "3.10"
| #define PACKAGE_STRING "vice 3.10"
| #define PACKAGE_BUGREPORT ""
| #define PACKAGE_URL ""
| #define CONFIGURE_FLAGS "--host=i686-w64-mingw32 --enable-native-tools"
| #define PACKAGE "vice"
| #define VERSION "3.10"
| #define HAVE_CXX11 1
| #define YYTEXT_POINTER 1
| #define _FILE_OFFSET_BITS 64
| #define HAVE_STDIO_H 1
| #define HAVE_STDLIB_H 1
| #define HAVE_STRING_H 1
| #define HAVE_INTTYPES_H 1
| #define HAVE_STDINT_H 1
| #define HAVE_STRINGS_H 1
| #define HAVE_SYS_STAT_H 1
| #define HAVE_SYS_TYPES_H 1
| #define HAVE_UNISTD_H 1
| #define STDC_HEADERS 1
| #define FEATURE_CPUMEMHISTORY /**/
| #define HAVE_NEW_8580_FILTER /**/
| #define HAVE_TIME_T_IN_TIME_H /**/
| #define HAVE_TIME_T_IN_TYPES_H /**/
| #define SIZEOF_TIME_T 8
| #define TIME_T_IS_64BIT /**/
| #define HAVE_COMMCTRL_H 1
| #define HAVE_SHLOBJ_H 1
| #define HAVE_WINIOCTL_H 1
| #define HAVE_WINSOCK_H 1
| #define HAVE_HTONL /**/
| #define HAVE_HTONS /**/
| #define HAVE_NETWORK /**/
| #define HAVE_RS232NET /**/
| #define HAVE_LIBUSB_1_0_LIBUSB_H 1
| #define HAVE_USBSID /**/
| #define HAVE_HARDSID /**/
| #define HAVE_RS232DEV /**/
| #define USE_GTK3UI /**/
| #define HAVE_HWSCALE /**/
| #define USE_VICE_THREAD /**/
| #define HAVE_DINPUT /**/
| #define HAVE_DINPUT_LIB /**/
| #define HAVE_LIBICONV 1
| #define HAVE_RESID /**/
| #define HAVE_RESID_DTV /**/
| #define HAVE_RESIDFP /**/
| #define HAVE_SYS_TYPES_H 1
| #define SIZEOF_UNSIGNED_SHORT 2
| #define SIZEOF_UNSIGNED_INT 4
| #define SIZEOF_UNSIGNED_LONG 4
| #define HAVE_DIRENT_H 1
| #define HAVE_DIRECT_H 1
| #define HAVE_ERRNO_H 1
| #define HAVE_FCNTL_H 1
| #define HAVE_LIMITS_H 1
| #define HAVE_REGEX_H 1
| #define HAVE_UNISTD_H 1
| #define HAVE_STRINGS_H 1
| #define HAVE_SYS_STAT_H 1
| #define HAVE_INTTYPES_H 1
| #define HAVE_LIBGEN_H 1
| #define HAVE_DIR_H 1
| #define HAVE_IO_H 1
| #define HAVE_PROCESS_H 1
| #define HAVE_SIGNAL_H 1
| #define HAVE_WCHAR_H 1
| #define HAVE_STDINT_H 1
| #define HAVE_SYS_TIME_H 1
| #define HAVE_DECL_SYS_SIGLIST 0
| #define HAVE_DYNLIB_SUPPORT /**/
| #define HAVE_MATH_H 1
| #define HAVE_LIBM 1
| #define HAVE_ZLIB /**/
| #define HAVE_LIBCURL /**/
| #define USE_DXSOUND /**/
| #define HAVE_DSOUND_LIB /**/
| #define RETSIGTYPE void
| /* end confdefs.h.  */
| /* Define vfork to an innocuous variant, in case <limits.h> declares vfork.
|    For example, HP-UX 11i <limits.h> declares gettimeofday.  */
| #define vfork innocuous_vfork
| 
| /* System header to define __stub macros and hopefully few prototypes,
|    which can conflict with char vfork (void); below.  */
| 
| #include <limits.h>
| #undef vfork
| 
| /* Override any GCC internal prototype to avoid an error.
|    Use char because int might match the return type of a GCC
|    builtin and then its argument prototype would still apply.  */
| #ifdef __cplusplus
| extern "C"
| #endif
| char vfork (void);
| /* The GNU C library defines this for functions which it implements
|     to always fail with ENOSYS.  Some functions are actually named
|     something starting with __ and the normal name is an alias.  */
| #if defined __stub_vfork || defined __stub___vfork
| choke me
| #endif
| 
| int
| main (void)
| {
| return vfork ();
|   ;
|   return 0;
| }
configure:23344: result: no
configure:23573: checking for u_short
configure:23573: cc -c   conftest.c >&5
conftest.c: In function 'main':
conftest.c:115:13: error: 'u_short' undeclared (first use in this function); did you mean 'qsort'?
  115 | if (sizeof (u_short))
      |             ^~~~~~~
      |             qsort
conftest.c:115:13: note: each undeclared identifier is reported only once for each function it appears in
configure:23573: $? = 1
configure: failed program was:
| /* confdefs.h */
| #define PACKAGE_NAME "vice"
| #define PACKAGE_TARNAME "vice"
| #define PACKAGE_VERSION "3.10"
| #define PACKAGE_STRING "vice 3.10"
| #define PACKAGE_BUGREPORT ""
| #define PACKAGE_URL ""
| #define CONFIGURE_FLAGS "--host=i686-w64-mingw32 --enable-native-tools"
| #define PACKAGE "vice"
| #define VERSION "3.10"
| #define HAVE_CXX11 1
| #define YYTEXT_POINTER 1
| #define _FILE_OFFSET_BITS 64
| #define HAVE_STDIO_H 1
| #define HAVE_STDLIB_H 1
| #define HAVE_STRING_H 1
| #define HAVE_INTTYPES_H 1
| #define HAVE_STDINT_H 1
| #define HAVE_STRINGS_H 1
| #define HAVE_SYS_STAT_H 1
| #define HAVE_SYS_TYPES_H 1
| #define HAVE_UNISTD_H 1
| #define STDC_HEADERS 1
| #define FEATURE_CPUMEMHISTORY /**/
| #define HAVE_NEW_8580_FILTER /**/
| #define HAVE_TIME_T_IN_TIME_H /**/
| #define HAVE_TIME_T_IN_TYPES_H /**/
| #define SIZEOF_TIME_T 8
| #define TIME_T_IS_64BIT /**/
| #define HAVE_COMMCTRL_H 1
| #define HAVE_SHLOBJ_H 1
| #define HAVE_WINIOCTL_H 1
| #define HAVE_WINSOCK_H 1
| #define HAVE_HTONL /**/
| #define HAVE_HTONS /**/
| #define HAVE_NETWORK /**/
| #define HAVE_RS232NET /**/
| #define HAVE_LIBUSB_1_0_LIBUSB_H 1
| #define HAVE_USBSID /**/
| #define HAVE_HARDSID /**/
| #define HAVE_RS232DEV /**/
| #define USE_GTK3UI /**/
| #define HAVE_HWSCALE /**/
| #define USE_VICE_THREAD /**/
| #define HAVE_DINPUT /**/
| #define HAVE_DINPUT_LIB /**/
| #define HAVE_LIBICONV 1
| #define HAVE_RESID /**/
| #define HAVE_RESID_DTV /**/
| #define HAVE_RESIDFP /**/
| #define HAVE_SYS_TYPES_H 1
| #define SIZEOF_UNSIGNED_SHORT 2
| #define SIZEOF_UNSIGNED_INT 4
| #define SIZEOF_UNSIGNED_LONG 4
| #define HAVE_DIRENT_H 1
| #define HAVE_DIRECT_H 1
| #define HAVE_ERRNO_H 1
| #define HAVE_FCNTL_H 1
| #define HAVE_LIMITS_H 1
| #define HAVE_REGEX_H 1
| #define HAVE_UNISTD_H 1
| #define HAVE_STRINGS_H 1
| #define HAVE_SYS_STAT_H 1
| #define HAVE_INTTYPES_H 1
| #define HAVE_LIBGEN_H 1
| #define HAVE_DIR_H 1
| #define HAVE_IO_H 1
| #define HAVE_PROCESS_H 1
| #define HAVE_SIGNAL_H 1
| #define HAVE_WCHAR_H 1
| #define HAVE_STDINT_H 1
| #define HAVE_SYS_TIME_H 1
| #define HAVE_DECL_SYS_SIGLIST 0
| #define HAVE_DYNLIB_SUPPORT /**/
| #define HAVE_MATH_H 1
| #define HAVE_LIBM 1
| #define HAVE_ZLIB /**/
| #define HAVE_LIBCURL /**/
| #define USE_DXSOUND /**/
| #define HAVE_DSOUND_LIB /**/
| #define RETSIGTYPE void
| #define vfork fork
| /* end confdefs.h.  */
| #include <stddef.h>
| #ifdef HAVE_STDIO_H
| # include <stdio.h>
| #endif
| #ifdef HAVE_STDLIB_H
| # include <stdlib.h>
| #endif
| #ifdef HAVE_STRING_H
| # include <string.h>
| #endif
| #ifdef HAVE_INTTYPES_H
| # include <inttypes.h>
| #endif
| #ifdef HAVE_STDINT_H
| # include <stdint.h>
| #endif
| #ifdef HAVE_STRINGS_H
| # include <strings.h>
| #endif
| #ifdef HAVE_SYS_TYPES_H
| # include <sys/types.h>
| #endif
| #ifdef HAVE_SYS_STAT_H
| # include <sys/stat.h>
| #endif
| #ifdef HAVE_UNISTD_H
| # include <unistd.h>
| #endif
| int
| main (void)
| {
| if (sizeof (u_short))
| 	 return 0;
|   ;
|   return 0;
| }
configure:23573: result: no
configure:23582: checking for socklen_t
configure:23582: cc -c   conftest.c >&5
conftest.c:84:10: fatal error: sys/socket.h: No such file or directory
   84 | #include <sys/socket.h>
      |          ^~~~~~~~~~~~~~
compilation terminated.
configure:23582: $? = 1
configure: failed program was:
| /* confdefs.h */
| #define PACKAGE_NAME "vice"
| #define PACKAGE_TARNAME "vice"
| #define PACKAGE_VERSION "3.10"
| #define PACKAGE_STRING "vice 3.10"
| #define PACKAGE_BUGREPORT ""
| #define PACKAGE_URL ""
| #define CONFIGURE_FLAGS "--host=i686-w64-mingw32 --enable-native-tools"
| #define PACKAGE "vice"
| #define VERSION "3.10"
| #define HAVE_CXX11 1
| #define YYTEXT_POINTER 1
| #define _FILE_OFFSET_BITS 64
| #define HAVE_STDIO_H 1
| #define HAVE_STDLIB_H 1
| #define HAVE_STRING_H 1
| #define HAVE_INTTYPES_H 1
| #define HAVE_STDINT_H 1
| #define HAVE_STRINGS_H 1
| #define HAVE_SYS_STAT_H 1
| #define HAVE_SYS_TYPES_H 1
| #define HAVE_UNISTD_H 1
| #define STDC_HEADERS 1
| #define FEATURE_CPUMEMHISTORY /**/
| #define HAVE_NEW_8580_FILTER /**/
| #define HAVE_TIME_T_IN_TIME_H /**/
| #define HAVE_TIME_T_IN_TYPES_H /**/
| #define SIZEOF_TIME_T 8
| #define TIME_T_IS_64BIT /**/
| #define HAVE_COMMCTRL_H 1
| #define HAVE_SHLOBJ_H 1
| #define HAVE_WINIOCTL_H 1
| #define HAVE_WINSOCK_H 1
| #define HAVE_HTONL /**/
| #define HAVE_HTONS /**/
| #define HAVE_NETWORK /**/
| #define HAVE_RS232NET /**/
| #define HAVE_LIBUSB_1_0_LIBUSB_H 1
| #define HAVE_USBSID /**/
| #define HAVE_HARDSID /**/
| #define HAVE_RS232DEV /**/
| #define USE_GTK3UI /**/
| #define HAVE_HWSCALE /**/
| #define USE_VICE_THREAD /**/
| #define HAVE_DINPUT /**/
| #define HAVE_DINPUT_LIB /**/
| #define HAVE_LIBICONV 1
| #define HAVE_RESID /**/
| #define HAVE_RESID_DTV /**/
| #define HAVE_RESIDFP /**/
| #define HAVE_SYS_TYPES_H 1
| #define SIZEOF_UNSIGNED_SHORT 2
| #define SIZEOF_UNSIGNED_INT 4
| #define SIZEOF_UNSIGNED_LONG 4
| #define HAVE_DIRENT_H 1
| #define HAVE_DIRECT_H 1
| #define HAVE_ERRNO_H 1
| #define HAVE_FCNTL_H 1
| #define HAVE_LIMITS_H 1
| #define HAVE_REGEX_H 1
| #define HAVE_UNISTD_H 1
| #define HAVE_STRINGS_H 1
| #define HAVE_SYS_STAT_H 1
| #define HAVE_INTTYPES_H 1
| #define HAVE_LIBGEN_H 1
| #define HAVE_DIR_H 1
| #define HAVE_IO_H 1
| #define HAVE_PROCESS_H 1
| #define HAVE_SIGNAL_H 1
| #define HAVE_WCHAR_H 1
| #define HAVE_STDINT_H 1
| #define HAVE_SYS_TIME_H 1
| #define HAVE_DECL_SYS_SIGLIST 0
| #define HAVE_DYNLIB_SUPPORT /**/
| #define HAVE_MATH_H 1
| #define HAVE_LIBM 1
| #define HAVE_ZLIB /**/
| #define HAVE_LIBCURL /**/
| #define USE_DXSOUND /**/
| #define HAVE_DSOUND_LIB /**/
| #define RETSIGTYPE void
| #define vfork fork
| /* end confdefs.h.  */
| #include <sys/socket.h>
| 
| int
| main (void)
| {
| if (sizeof (socklen_t))
| 	 return 0;
|   ;
|   return 0;
| }
configure:23582: result: no
configure:23592: checking for off_t
configure:23592: result: yes
configure:23601: checking for off_t
configure:23601: result: yes
configure:23614: checking for gettimeofday in -lbsd
configure:23643: cc -o conftest.exe    conftest.c -lbsd -lm -liconv -ldinput8 -lopengl32 -lusb-1.0  -lwinmm -lntdll -ld2d1 -ld3d11 -lavrt -lwsock32 -lmingwex -lmsvcrt -lgtk-3 -lgdk-3 -lgdi32 -limm32 -lshell32 -lole32 -luuid -lwinmm -ldwmapi -lsetupapi -lcfgmgr32 -lhid -lwinspool -lcomctl32 -lcomdlg32 -lpangowin32-1.0 -lpangocairo-1.0 -lpango-1.0 -lharfbuzz -lz -latk-1.0 -lcairo-gobject -lcairo -lgdk_pixbuf-2.0 -lgio-2.0 -lgobject-2.0 -lglib-2.0 -lintl -lglib-2.0 -lintl -lglew32 -static-libgcc -lcurl -lm -liconv -ldinput8 -lopengl32 -lusb-1.0  -lwinmm -lntdll -ld2d1 -ld3d11 -lavrt -lwsock32 -lmingwex -lmsvcrt -lgtk-3 -lgdk-3 -lgdi32 -limm32 -lshell32 -lole32 -luuid -lwinmm -ldwmapi -lsetupapi -lcfgmgr32 -lhid -lwinspool -lcomctl32 -lcomdlg32 -lpangowin32-1.0 -lpangocairo-1.0 -lpango-1.0 -lharfbuzz -lz -latk-1.0 -lcairo-gobject -lcairo -lgdk_pixbuf-2.0 -lgio-2.0 -lgobject-2.0 -lglib-2.0 -lintl -lglib-2.0 -lintl -lglew32 -static-libgcc -lcurl >&5
C:/msys64/ucrt64/bin/../lib/gcc/x86_64-w64-mingw32/16.1.0/../../../../x86_64-w64-mingw32/bin/ld.exe: cannot find -lbsd: No such file or directory
collect2.exe: error: ld returned 1 exit status
configure:23643: $? = 1
configure: failed program was:
| /* confdefs.h */
| #define PACKAGE_NAME "vice"
| #define PACKAGE_TARNAME "vice"
| #define PACKAGE_VERSION "3.10"
| #define PACKAGE_STRING "vice 3.10"
| #define PACKAGE_BUGREPORT ""
| #define PACKAGE_URL ""
| #define CONFIGURE_FLAGS "--host=i686-w64-mingw32 --enable-native-tools"
| #define PACKAGE "vice"
| #define VERSION "3.10"
| #define HAVE_CXX11 1
| #define YYTEXT_POINTER 1
| #define _FILE_OFFSET_BITS 64
| #define HAVE_STDIO_H 1
| #define HAVE_STDLIB_H 1
| #define HAVE_STRING_H 1
| #define HAVE_INTTYPES_H 1
| #define HAVE_STDINT_H 1
| #define HAVE_STRINGS_H 1
| #define HAVE_SYS_STAT_H 1
| #define HAVE_SYS_TYPES_H 1
| #define HAVE_UNISTD_H 1
| #define STDC_HEADERS 1
| #define FEATURE_CPUMEMHISTORY /**/
| #define HAVE_NEW_8580_FILTER /**/
| #define HAVE_TIME_T_IN_TIME_H /**/
| #define HAVE_TIME_T_IN_TYPES_H /**/
| #define SIZEOF_TIME_T 8
| #define TIME_T_IS_64BIT /**/
| #define HAVE_COMMCTRL_H 1
| #define HAVE_SHLOBJ_H 1
| #define HAVE_WINIOCTL_H 1
| #define HAVE_WINSOCK_H 1
| #define HAVE_HTONL /**/
| #define HAVE_HTONS /**/
| #define HAVE_NETWORK /**/
| #define HAVE_RS232NET /**/
| #define HAVE_LIBUSB_1_0_LIBUSB_H 1
| #define HAVE_USBSID /**/
| #define HAVE_HARDSID /**/
| #define HAVE_RS232DEV /**/
| #define USE_GTK3UI /**/
| #define HAVE_HWSCALE /**/
| #define USE_VICE_THREAD /**/
| #define HAVE_DINPUT /**/
| #define HAVE_DINPUT_LIB /**/
| #define HAVE_LIBICONV 1
| #define HAVE_RESID /**/
| #define HAVE_RESID_DTV /**/
| #define HAVE_RESIDFP /**/
| #define HAVE_SYS_TYPES_H 1
| #define SIZEOF_UNSIGNED_SHORT 2
| #define SIZEOF_UNSIGNED_INT 4
| #define SIZEOF_UNSIGNED_LONG 4
| #define HAVE_DIRENT_H 1
| #define HAVE_DIRECT_H 1
| #define HAVE_ERRNO_H 1
| #define HAVE_FCNTL_H 1
| #define HAVE_LIMITS_H 1
| #define HAVE_REGEX_H 1
| #define HAVE_UNISTD_H 1
| #define HAVE_STRINGS_H 1
| #define HAVE_SYS_STAT_H 1
| #define HAVE_INTTYPES_H 1
| #define HAVE_LIBGEN_H 1
| #define HAVE_DIR_H 1
| #define HAVE_IO_H 1
| #define HAVE_PROCESS_H 1
| #define HAVE_SIGNAL_H 1
| #define HAVE_WCHAR_H 1
| #define HAVE_STDINT_H 1
| #define HAVE_SYS_TIME_H 1
| #define HAVE_DECL_SYS_SIGLIST 0
| #define HAVE_DYNLIB_SUPPORT /**/
| #define HAVE_MATH_H 1
| #define HAVE_LIBM 1
| #define HAVE_ZLIB /**/
| #define HAVE_LIBCURL /**/
| #define USE_DXSOUND /**/
| #define HAVE_DSOUND_LIB /**/
| #define RETSIGTYPE void
| #define vfork fork
| #define HAVE_OFF_T 1
| #define HAVE_OFF_T 1
| #define HAVE_OFF_T_IN_SYS_TYPES /**/
| /* end confdefs.h.  */
| 
| /* Override any GCC internal prototype to avoid an error.
|    Use char because int might match the return type of a GCC
|    builtin and then its argument prototype would still apply.
|    The 'extern "C"' is for builds by C++ compilers;
|    although this is not generally supported in C code supporting it here
|    has little cost and some practical benefit (sr 110532).  */
| #ifdef __cplusplus
| extern "C"
| #endif
| char gettimeofday (void);
| int
| main (void)
| {
| return gettimeofday ();
|   ;
|   return 0;
| }
configure:23655: result: no
configure:23666: checking for gettimeofday in -lposix
configure:23695: cc -o conftest.exe    conftest.c -lposix -lm -liconv -ldinput8 -lopengl32 -lusb-1.0  -lwinmm -lntdll -ld2d1 -ld3d11 -lavrt -lwsock32 -lmingwex -lmsvcrt -lgtk-3 -lgdk-3 -lgdi32 -limm32 -lshell32 -lole32 -luuid -lwinmm -ldwmapi -lsetupapi -lcfgmgr32 -lhid -lwinspool -lcomctl32 -lcomdlg32 -lpangowin32-1.0 -lpangocairo-1.0 -lpango-1.0 -lharfbuzz -lz -latk-1.0 -lcairo-gobject -lcairo -lgdk_pixbuf-2.0 -lgio-2.0 -lgobject-2.0 -lglib-2.0 -lintl -lglib-2.0 -lintl -lglew32 -static-libgcc -lcurl -lm -liconv -ldinput8 -lopengl32 -lusb-1.0  -lwinmm -lntdll -ld2d1 -ld3d11 -lavrt -lwsock32 -lmingwex -lmsvcrt -lgtk-3 -lgdk-3 -lgdi32 -limm32 -lshell32 -lole32 -luuid -lwinmm -ldwmapi -lsetupapi -lcfgmgr32 -lhid -lwinspool -lcomctl32 -lcomdlg32 -lpangowin32-1.0 -lpangocairo-1.0 -lpango-1.0 -lharfbuzz -lz -latk-1.0 -lcairo-gobject -lcairo -lgdk_pixbuf-2.0 -lgio-2.0 -lgobject-2.0 -lglib-2.0 -lintl -lglib-2.0 -lintl -lglew32 -static-libgcc -lcurl >&5
C:/msys64/ucrt64/bin/../lib/gcc/x86_64-w64-mingw32/16.1.0/../../../../x86_64-w64-mingw32/bin/ld.exe: cannot find -lposix: No such file or directory
collect2.exe: error: ld returned 1 exit status
configure:23695: $? = 1
configure: failed program was:
| /* confdefs.h */
| #define PACKAGE_NAME "vice"
| #define PACKAGE_TARNAME "vice"
| #define PACKAGE_VERSION "3.10"
| #define PACKAGE_STRING "vice 3.10"
| #define PACKAGE_BUGREPORT ""
| #define PACKAGE_URL ""
| #define CONFIGURE_FLAGS "--host=i686-w64-mingw32 --enable-native-tools"
| #define PACKAGE "vice"
| #define VERSION "3.10"
| #define HAVE_CXX11 1
| #define YYTEXT_POINTER 1
| #define _FILE_OFFSET_BITS 64
| #define HAVE_STDIO_H 1
| #define HAVE_STDLIB_H 1
| #define HAVE_STRING_H 1
| #define HAVE_INTTYPES_H 1
| #define HAVE_STDINT_H 1
| #define HAVE_STRINGS_H 1
| #define HAVE_SYS_STAT_H 1
| #define HAVE_SYS_TYPES_H 1
| #define HAVE_UNISTD_H 1
| #define STDC_HEADERS 1
| #define FEATURE_CPUMEMHISTORY /**/
| #define HAVE_NEW_8580_FILTER /**/
| #define HAVE_TIME_T_IN_TIME_H /**/
| #define HAVE_TIME_T_IN_TYPES_H /**/
| #define SIZEOF_TIME_T 8
| #define TIME_T_IS_64BIT /**/
| #define HAVE_COMMCTRL_H 1
| #define HAVE_SHLOBJ_H 1
| #define HAVE_WINIOCTL_H 1
| #define HAVE_WINSOCK_H 1
| #define HAVE_HTONL /**/
| #define HAVE_HTONS /**/
| #define HAVE_NETWORK /**/
| #define HAVE_RS232NET /**/
| #define HAVE_LIBUSB_1_0_LIBUSB_H 1
| #define HAVE_USBSID /**/
| #define HAVE_HARDSID /**/
| #define HAVE_RS232DEV /**/
| #define USE_GTK3UI /**/
| #define HAVE_HWSCALE /**/
| #define USE_VICE_THREAD /**/
| #define HAVE_DINPUT /**/
| #define HAVE_DINPUT_LIB /**/
| #define HAVE_LIBICONV 1
| #define HAVE_RESID /**/
| #define HAVE_RESID_DTV /**/
| #define HAVE_RESIDFP /**/
| #define HAVE_SYS_TYPES_H 1
| #define SIZEOF_UNSIGNED_SHORT 2
| #define SIZEOF_UNSIGNED_INT 4
| #define SIZEOF_UNSIGNED_LONG 4
| #define HAVE_DIRENT_H 1
| #define HAVE_DIRECT_H 1
| #define HAVE_ERRNO_H 1
| #define HAVE_FCNTL_H 1
| #define HAVE_LIMITS_H 1
| #define HAVE_REGEX_H 1
| #define HAVE_UNISTD_H 1
| #define HAVE_STRINGS_H 1
| #define HAVE_SYS_STAT_H 1
| #define HAVE_INTTYPES_H 1
| #define HAVE_LIBGEN_H 1
| #define HAVE_DIR_H 1
| #define HAVE_IO_H 1
| #define HAVE_PROCESS_H 1
| #define HAVE_SIGNAL_H 1
| #define HAVE_WCHAR_H 1
| #define HAVE_STDINT_H 1
| #define HAVE_SYS_TIME_H 1
| #define HAVE_DECL_SYS_SIGLIST 0
| #define HAVE_DYNLIB_SUPPORT /**/
| #define HAVE_MATH_H 1
| #define HAVE_LIBM 1
| #define HAVE_ZLIB /**/
| #define HAVE_LIBCURL /**/
| #define USE_DXSOUND /**/
| #define HAVE_DSOUND_LIB /**/
| #define RETSIGTYPE void
| #define vfork fork
| #define HAVE_OFF_T 1
| #define HAVE_OFF_T 1
| #define HAVE_OFF_T_IN_SYS_TYPES /**/
| /* end confdefs.h.  */
| 
| /* Override any GCC internal prototype to avoid an error.
|    Use char because int might match the return type of a GCC
|    builtin and then its argument prototype would still apply.
|    The 'extern "C"' is for builds by C++ compilers;
|    although this is not generally supported in C code supporting it here
|    has little cost and some practical benefit (sr 110532).  */
| #ifdef __cplusplus
| extern "C"
| #endif
| char gettimeofday (void);
| int
| main (void)
| {
| return gettimeofday ();
|   ;
|   return 0;
| }
configure:23707: result: no
configure:23718: checking for gettimeofday
configure:23718: cc -o conftest.exe    conftest.c -lm -liconv -ldinput8 -lopengl32 -lusb-1.0  -lwinmm -lntdll -ld2d1 -ld3d11 -lavrt -lwsock32 -lmingwex -lmsvcrt -lgtk-3 -lgdk-3 -lgdi32 -limm32 -lshell32 -lole32 -luuid -lwinmm -ldwmapi -lsetupapi -lcfgmgr32 -lhid -lwinspool -lcomctl32 -lcomdlg32 -lpangowin32-1.0 -lpangocairo-1.0 -lpango-1.0 -lharfbuzz -lz -latk-1.0 -lcairo-gobject -lcairo -lgdk_pixbuf-2.0 -lgio-2.0 -lgobject-2.0 -lglib-2.0 -lintl -lglib-2.0 -lintl -lglew32 -static-libgcc -lcurl >&5
configure:23718: $? = 0
configure:23718: result: yes
configure:23724: checking for memmove
configure:23724: cc -o conftest.exe    conftest.c -lm -liconv -ldinput8 -lopengl32 -lusb-1.0  -lwinmm -lntdll -ld2d1 -ld3d11 -lavrt -lwsock32 -lmingwex -lmsvcrt -lgtk-3 -lgdk-3 -lgdi32 -limm32 -lshell32 -lole32 -luuid -lwinmm -ldwmapi -lsetupapi -lcfgmgr32 -lhid -lwinspool -lcomctl32 -lcomdlg32 -lpangowin32-1.0 -lpangocairo-1.0 -lpango-1.0 -lharfbuzz -lz -latk-1.0 -lcairo-gobject -lcairo -lgdk_pixbuf-2.0 -lgio-2.0 -lgobject-2.0 -lglib-2.0 -lintl -lglib-2.0 -lintl -lglew32 -static-libgcc -lcurl >&5
conftest.c:104:6: warning: conflicting types for built-in function 'memmove'; expected 'void *(void *, const void *, long long unsigned int)' [-Wbuiltin-declaration-mismatch]
  104 | char memmove (void);
      |      ^~~~~~~
conftest.c:96:1: note: 'memmove' is declared in header '<string.h>'
   95 | #include <limits.h>
   96 | #undef memmove
configure:23724: $? = 0
configure:23724: result: yes
configure:23730: checking for atexit
configure:23730: cc -o conftest.exe    conftest.c -lm -liconv -ldinput8 -lopengl32 -lusb-1.0  -lwinmm -lntdll -ld2d1 -ld3d11 -lavrt -lwsock32 -lmingwex -lmsvcrt -lgtk-3 -lgdk-3 -lgdi32 -limm32 -lshell32 -lole32 -luuid -lwinmm -ldwmapi -lsetupapi -lcfgmgr32 -lhid -lwinspool -lcomctl32 -lcomdlg32 -lpangowin32-1.0 -lpangocairo-1.0 -lpango-1.0 -lharfbuzz -lz -latk-1.0 -lcairo-gobject -lcairo -lgdk_pixbuf-2.0 -lgio-2.0 -lgobject-2.0 -lglib-2.0 -lintl -lglib-2.0 -lintl -lglew32 -static-libgcc -lcurl >&5
configure:23730: $? = 0
configure:23730: result: yes
configure:23736: checking for strerror
configure:23736: cc -o conftest.exe    conftest.c -lm -liconv -ldinput8 -lopengl32 -lusb-1.0  -lwinmm -lntdll -ld2d1 -ld3d11 -lavrt -lwsock32 -lmingwex -lmsvcrt -lgtk-3 -lgdk-3 -lgdi32 -limm32 -lshell32 -lole32 -luuid -lwinmm -ldwmapi -lsetupapi -lcfgmgr32 -lhid -lwinspool -lcomctl32 -lcomdlg32 -lpangowin32-1.0 -lpangocairo-1.0 -lpango-1.0 -lharfbuzz -lz -latk-1.0 -lcairo-gobject -lcairo -lgdk_pixbuf-2.0 -lgio-2.0 -lgobject-2.0 -lglib-2.0 -lintl -lglib-2.0 -lintl -lglew32 -static-libgcc -lcurl >&5
configure:23736: $? = 0
configure:23736: result: yes
configure:23742: checking for strcasecmp
configure:23742: cc -o conftest.exe    conftest.c -lm -liconv -ldinput8 -lopengl32 -lusb-1.0  -lwinmm -lntdll -ld2d1 -ld3d11 -lavrt -lwsock32 -lmingwex -lmsvcrt -lgtk-3 -lgdk-3 -lgdi32 -limm32 -lshell32 -lole32 -luuid -lwinmm -ldwmapi -lsetupapi -lcfgmgr32 -lhid -lwinspool -lcomctl32 -lcomdlg32 -lpangowin32-1.0 -lpangocairo-1.0 -lpango-1.0 -lharfbuzz -lz -latk-1.0 -lcairo-gobject -lcairo -lgdk_pixbuf-2.0 -lgio-2.0 -lgobject-2.0 -lglib-2.0 -lintl -lglib-2.0 -lintl -lglew32 -static-libgcc -lcurl >&5
conftest.c:107:6: warning: conflicting types for built-in function 'strcasecmp'; expected 'int(const char *, const char *)' [-Wbuiltin-declaration-mismatch]
  107 | char strcasecmp (void);
      |      ^~~~~~~~~~
configure:23742: $? = 0
configure:23742: result: yes
configure:23748: checking for strncasecmp
configure:23748: cc -o conftest.exe    conftest.c -lm -liconv -ldinput8 -lopengl32 -lusb-1.0  -lwinmm -lntdll -ld2d1 -ld3d11 -lavrt -lwsock32 -lmingwex -lmsvcrt -lgtk-3 -lgdk-3 -lgdi32 -limm32 -lshell32 -lole32 -luuid -lwinmm -ldwmapi -lsetupapi -lcfgmgr32 -lhid -lwinspool -lcomctl32 -lcomdlg32 -lpangowin32-1.0 -lpangocairo-1.0 -lpango-1.0 -lharfbuzz -lz -latk-1.0 -lcairo-gobject -lcairo -lgdk_pixbuf-2.0 -lgio-2.0 -lgobject-2.0 -lglib-2.0 -lintl -lglib-2.0 -lintl -lglew32 -static-libgcc -lcurl >&5
conftest.c:108:6: warning: conflicting types for built-in function 'strncasecmp'; expected 'int(const char *, const char *, long long unsigned int)' [-Wbuiltin-declaration-mismatch]
  108 | char strncasecmp (void);
      |      ^~~~~~~~~~~
configure:23748: $? = 0
configure:23748: result: yes
configure:23754: checking for dirname
configure:23754: cc -o conftest.exe    conftest.c -lm -liconv -ldinput8 -lopengl32 -lusb-1.0  -lwinmm -lntdll -ld2d1 -ld3d11 -lavrt -lwsock32 -lmingwex -lmsvcrt -lgtk-3 -lgdk-3 -lgdi32 -limm32 -lshell32 -lole32 -luuid -lwinmm -ldwmapi -lsetupapi -lcfgmgr32 -lhid -lwinspool -lcomctl32 -lcomdlg32 -lpangowin32-1.0 -lpangocairo-1.0 -lpango-1.0 -lharfbuzz -lz -latk-1.0 -lcairo-gobject -lcairo -lgdk_pixbuf-2.0 -lgio-2.0 -lgobject-2.0 -lglib-2.0 -lintl -lglib-2.0 -lintl -lglew32 -static-libgcc -lcurl >&5
configure:23754: $? = 0
configure:23754: result: yes
configure:23760: checking for mkstemp
configure:23760: cc -o conftest.exe    conftest.c -lm -liconv -ldinput8 -lopengl32 -lusb-1.0  -lwinmm -lntdll -ld2d1 -ld3d11 -lavrt -lwsock32 -lmingwex -lmsvcrt -lgtk-3 -lgdk-3 -lgdi32 -limm32 -lshell32 -lole32 -luuid -lwinmm -ldwmapi -lsetupapi -lcfgmgr32 -lhid -lwinspool -lcomctl32 -lcomdlg32 -lpangowin32-1.0 -lpangocairo-1.0 -lpango-1.0 -lharfbuzz -lz -latk-1.0 -lcairo-gobject -lcairo -lgdk_pixbuf-2.0 -lgio-2.0 -lgobject-2.0 -lglib-2.0 -lintl -lglib-2.0 -lintl -lglew32 -static-libgcc -lcurl >&5
configure:23760: $? = 0
configure:23760: result: yes
configure:23766: checking for swab
configure:23766: cc -o conftest.exe    conftest.c -lm -liconv -ldinput8 -lopengl32 -lusb-1.0  -lwinmm -lntdll -ld2d1 -ld3d11 -lavrt -lwsock32 -lmingwex -lmsvcrt -lgtk-3 -lgdk-3 -lgdi32 -limm32 -lshell32 -lole32 -luuid -lwinmm -ldwmapi -lsetupapi -lcfgmgr32 -lhid -lwinspool -lcomctl32 -lcomdlg32 -lpangowin32-1.0 -lpangocairo-1.0 -lpango-1.0 -lharfbuzz -lz -latk-1.0 -lcairo-gobject -lcairo -lgdk_pixbuf-2.0 -lgio-2.0 -lgobject-2.0 -lglib-2.0 -lintl -lglib-2.0 -lintl -lglew32 -static-libgcc -lcurl >&5
configure:23766: $? = 0
configure:23766: result: yes
configure:23772: checking for getcwd
configure:23772: cc -o conftest.exe    conftest.c -lm -liconv -ldinput8 -lopengl32 -lusb-1.0  -lwinmm -lntdll -ld2d1 -ld3d11 -lavrt -lwsock32 -lmingwex -lmsvcrt -lgtk-3 -lgdk-3 -lgdi32 -limm32 -lshell32 -lole32 -luuid -lwinmm -ldwmapi -lsetupapi -lcfgmgr32 -lhid -lwinspool -lcomctl32 -lcomdlg32 -lpangowin32-1.0 -lpangocairo-1.0 -lpango-1.0 -lharfbuzz -lz -latk-1.0 -lcairo-gobject -lcairo -lgdk_pixbuf-2.0 -lgio-2.0 -lgobject-2.0 -lglib-2.0 -lintl -lglib-2.0 -lintl -lglew32 -static-libgcc -lcurl >&5
configure:23772: $? = 0
configure:23772: result: yes
configure:23778: checking for getpwuid
configure:23778: cc -o conftest.exe    conftest.c -lm -liconv -ldinput8 -lopengl32 -lusb-1.0  -lwinmm -lntdll -ld2d1 -ld3d11 -lavrt -lwsock32 -lmingwex -lmsvcrt -lgtk-3 -lgdk-3 -lgdi32 -limm32 -lshell32 -lole32 -luuid -lwinmm -ldwmapi -lsetupapi -lcfgmgr32 -lhid -lwinspool -lcomctl32 -lcomdlg32 -lpangowin32-1.0 -lpangocairo-1.0 -lpango-1.0 -lharfbuzz -lz -latk-1.0 -lcairo-gobject -lcairo -lgdk_pixbuf-2.0 -lgio-2.0 -lgobject-2.0 -lglib-2.0 -lintl -lglib-2.0 -lintl -lglew32 -static-libgcc -lcurl >&5
C:/msys64/ucrt64/bin/../lib/gcc/x86_64-w64-mingw32/16.1.0/../../../../x86_64-w64-mingw32/bin/ld.exe: C:\msys64\tmp\ccYgUH60.o:conftest.c:(.text+0xe): undefined reference to `getpwuid'
collect2.exe: error: ld returned 1 exit status
configure:23778: $? = 1
configure: failed program was:
| /* confdefs.h */
| #define PACKAGE_NAME "vice"
| #define PACKAGE_TARNAME "vice"
| #define PACKAGE_VERSION "3.10"
| #define PACKAGE_STRING "vice 3.10"
| #define PACKAGE_BUGREPORT ""
| #define PACKAGE_URL ""
| #define CONFIGURE_FLAGS "--host=i686-w64-mingw32 --enable-native-tools"
| #define PACKAGE "vice"
| #define VERSION "3.10"
| #define HAVE_CXX11 1
| #define YYTEXT_POINTER 1
| #define _FILE_OFFSET_BITS 64
| #define HAVE_STDIO_H 1
| #define HAVE_STDLIB_H 1
| #define HAVE_STRING_H 1
| #define HAVE_INTTYPES_H 1
| #define HAVE_STDINT_H 1
| #define HAVE_STRINGS_H 1
| #define HAVE_SYS_STAT_H 1
| #define HAVE_SYS_TYPES_H 1
| #define HAVE_UNISTD_H 1
| #define STDC_HEADERS 1
| #define FEATURE_CPUMEMHISTORY /**/
| #define HAVE_NEW_8580_FILTER /**/
| #define HAVE_TIME_T_IN_TIME_H /**/
| #define HAVE_TIME_T_IN_TYPES_H /**/
| #define SIZEOF_TIME_T 8
| #define TIME_T_IS_64BIT /**/
| #define HAVE_COMMCTRL_H 1
| #define HAVE_SHLOBJ_H 1
| #define HAVE_WINIOCTL_H 1
| #define HAVE_WINSOCK_H 1
| #define HAVE_HTONL /**/
| #define HAVE_HTONS /**/
| #define HAVE_NETWORK /**/
| #define HAVE_RS232NET /**/
| #define HAVE_LIBUSB_1_0_LIBUSB_H 1
| #define HAVE_USBSID /**/
| #define HAVE_HARDSID /**/
| #define HAVE_RS232DEV /**/
| #define USE_GTK3UI /**/
| #define HAVE_HWSCALE /**/
| #define USE_VICE_THREAD /**/
| #define HAVE_DINPUT /**/
| #define HAVE_DINPUT_LIB /**/
| #define HAVE_LIBICONV 1
| #define HAVE_RESID /**/
| #define HAVE_RESID_DTV /**/
| #define HAVE_RESIDFP /**/
| #define HAVE_SYS_TYPES_H 1
| #define SIZEOF_UNSIGNED_SHORT 2
| #define SIZEOF_UNSIGNED_INT 4
| #define SIZEOF_UNSIGNED_LONG 4
| #define HAVE_DIRENT_H 1
| #define HAVE_DIRECT_H 1
| #define HAVE_ERRNO_H 1
| #define HAVE_FCNTL_H 1
| #define HAVE_LIMITS_H 1
| #define HAVE_REGEX_H 1
| #define HAVE_UNISTD_H 1
| #define HAVE_STRINGS_H 1
| #define HAVE_SYS_STAT_H 1
| #define HAVE_INTTYPES_H 1
| #define HAVE_LIBGEN_H 1
| #define HAVE_DIR_H 1
| #define HAVE_IO_H 1
| #define HAVE_PROCESS_H 1
| #define HAVE_SIGNAL_H 1
| #define HAVE_WCHAR_H 1
| #define HAVE_STDINT_H 1
| #define HAVE_SYS_TIME_H 1
| #define HAVE_DECL_SYS_SIGLIST 0
| #define HAVE_DYNLIB_SUPPORT /**/
| #define HAVE_MATH_H 1
| #define HAVE_LIBM 1
| #define HAVE_ZLIB /**/
| #define HAVE_LIBCURL /**/
| #define USE_DXSOUND /**/
| #define HAVE_DSOUND_LIB /**/
| #define RETSIGTYPE void
| #define vfork fork
| #define HAVE_OFF_T 1
| #define HAVE_OFF_T 1
| #define HAVE_OFF_T_IN_SYS_TYPES /**/
| #define HAVE_GETTIMEOFDAY 1
| #define HAVE_MEMMOVE 1
| #define HAVE_ATEXIT 1
| #define HAVE_STRERROR 1
| #define HAVE_STRCASECMP 1
| #define HAVE_STRNCASECMP 1
| #define HAVE_DIRNAME 1
| #define HAVE_MKSTEMP 1
| #define HAVE_SWAB 1
| #define HAVE_GETCWD 1
| /* end confdefs.h.  */
| /* Define getpwuid to an innocuous variant, in case <limits.h> declares getpwuid.
|    For example, HP-UX 11i <limits.h> declares gettimeofday.  */
| #define getpwuid innocuous_getpwuid
| 
| /* System header to define __stub macros and hopefully few prototypes,
|    which can conflict with char getpwuid (void); below.  */
| 
| #include <limits.h>
| #undef getpwuid
| 
| /* Override any GCC internal prototype to avoid an error.
|    Use char because int might match the return type of a GCC
|    builtin and then its argument prototype would still apply.  */
| #ifdef __cplusplus
| extern "C"
| #endif
| char getpwuid (void);
| /* The GNU C library defines this for functions which it implements
|     to always fail with ENOSYS.  Some functions are actually named
|     something starting with __ and the normal name is an alias.  */
| #if defined __stub_getpwuid || defined __stub___getpwuid
| choke me
| #endif
| 
| int
| main (void)
| {
| return getpwuid ();
|   ;
|   return 0;
| }
configure:23778: result: no
configure:23784: checking for random
configure:23784: cc -o conftest.exe    conftest.c -lm -liconv -ldinput8 -lopengl32 -lusb-1.0  -lwinmm -lntdll -ld2d1 -ld3d11 -lavrt -lwsock32 -lmingwex -lmsvcrt -lgtk-3 -lgdk-3 -lgdi32 -limm32 -lshell32 -lole32 -luuid -lwinmm -ldwmapi -lsetupapi -lcfgmgr32 -lhid -lwinspool -lcomctl32 -lcomdlg32 -lpangowin32-1.0 -lpangocairo-1.0 -lpango-1.0 -lharfbuzz -lz -latk-1.0 -lcairo-gobject -lcairo -lgdk_pixbuf-2.0 -lgio-2.0 -lgobject-2.0 -lglib-2.0 -lintl -lglib-2.0 -lintl -lglew32 -static-libgcc -lcurl >&5
C:/msys64/ucrt64/bin/../lib/gcc/x86_64-w64-mingw32/16.1.0/../../../../x86_64-w64-mingw32/bin/ld.exe: C:\msys64\tmp\ccYW1Dm8.o:conftest.c:(.text+0xe): undefined reference to `random'
collect2.exe: error: ld returned 1 exit status
configure:23784: $? = 1
configure: failed program was:
| /* confdefs.h */
| #define PACKAGE_NAME "vice"
| #define PACKAGE_TARNAME "vice"
| #define PACKAGE_VERSION "3.10"
| #define PACKAGE_STRING "vice 3.10"
| #define PACKAGE_BUGREPORT ""
| #define PACKAGE_URL ""
| #define CONFIGURE_FLAGS "--host=i686-w64-mingw32 --enable-native-tools"
| #define PACKAGE "vice"
| #define VERSION "3.10"
| #define HAVE_CXX11 1
| #define YYTEXT_POINTER 1
| #define _FILE_OFFSET_BITS 64
| #define HAVE_STDIO_H 1
| #define HAVE_STDLIB_H 1
| #define HAVE_STRING_H 1
| #define HAVE_INTTYPES_H 1
| #define HAVE_STDINT_H 1
| #define HAVE_STRINGS_H 1
| #define HAVE_SYS_STAT_H 1
| #define HAVE_SYS_TYPES_H 1
| #define HAVE_UNISTD_H 1
| #define STDC_HEADERS 1
| #define FEATURE_CPUMEMHISTORY /**/
| #define HAVE_NEW_8580_FILTER /**/
| #define HAVE_TIME_T_IN_TIME_H /**/
| #define HAVE_TIME_T_IN_TYPES_H /**/
| #define SIZEOF_TIME_T 8
| #define TIME_T_IS_64BIT /**/
| #define HAVE_COMMCTRL_H 1
| #define HAVE_SHLOBJ_H 1
| #define HAVE_WINIOCTL_H 1
| #define HAVE_WINSOCK_H 1
| #define HAVE_HTONL /**/
| #define HAVE_HTONS /**/
| #define HAVE_NETWORK /**/
| #define HAVE_RS232NET /**/
| #define HAVE_LIBUSB_1_0_LIBUSB_H 1
| #define HAVE_USBSID /**/
| #define HAVE_HARDSID /**/
| #define HAVE_RS232DEV /**/
| #define USE_GTK3UI /**/
| #define HAVE_HWSCALE /**/
| #define USE_VICE_THREAD /**/
| #define HAVE_DINPUT /**/
| #define HAVE_DINPUT_LIB /**/
| #define HAVE_LIBICONV 1
| #define HAVE_RESID /**/
| #define HAVE_RESID_DTV /**/
| #define HAVE_RESIDFP /**/
| #define HAVE_SYS_TYPES_H 1
| #define SIZEOF_UNSIGNED_SHORT 2
| #define SIZEOF_UNSIGNED_INT 4
| #define SIZEOF_UNSIGNED_LONG 4
| #define HAVE_DIRENT_H 1
| #define HAVE_DIRECT_H 1
| #define HAVE_ERRNO_H 1
| #define HAVE_FCNTL_H 1
| #define HAVE_LIMITS_H 1
| #define HAVE_REGEX_H 1
| #define HAVE_UNISTD_H 1
| #define HAVE_STRINGS_H 1
| #define HAVE_SYS_STAT_H 1
| #define HAVE_INTTYPES_H 1
| #define HAVE_LIBGEN_H 1
| #define HAVE_DIR_H 1
| #define HAVE_IO_H 1
| #define HAVE_PROCESS_H 1
| #define HAVE_SIGNAL_H 1
| #define HAVE_WCHAR_H 1
| #define HAVE_STDINT_H 1
| #define HAVE_SYS_TIME_H 1
| #define HAVE_DECL_SYS_SIGLIST 0
| #define HAVE_DYNLIB_SUPPORT /**/
| #define HAVE_MATH_H 1
| #define HAVE_LIBM 1
| #define HAVE_ZLIB /**/
| #define HAVE_LIBCURL /**/
| #define USE_DXSOUND /**/
| #define HAVE_DSOUND_LIB /**/
| #define RETSIGTYPE void
| #define vfork fork
| #define HAVE_OFF_T 1
| #define HAVE_OFF_T 1
| #define HAVE_OFF_T_IN_SYS_TYPES /**/
| #define HAVE_GETTIMEOFDAY 1
| #define HAVE_MEMMOVE 1
| #define HAVE_ATEXIT 1
| #define HAVE_STRERROR 1
| #define HAVE_STRCASECMP 1
| #define HAVE_STRNCASECMP 1
| #define HAVE_DIRNAME 1
| #define HAVE_MKSTEMP 1
| #define HAVE_SWAB 1
| #define HAVE_GETCWD 1
| /* end confdefs.h.  */
| /* Define random to an innocuous variant, in case <limits.h> declares random.
|    For example, HP-UX 11i <limits.h> declares gettimeofday.  */
| #define random innocuous_random
| 
| /* System header to define __stub macros and hopefully few prototypes,
|    which can conflict with char random (void); below.  */
| 
| #include <limits.h>
| #undef random
| 
| /* Override any GCC internal prototype to avoid an error.
|    Use char because int might match the return type of a GCC
|    builtin and then its argument prototype would still apply.  */
| #ifdef __cplusplus
| extern "C"
| #endif
| char random (void);
| /* The GNU C library defines this for functions which it implements
|     to always fail with ENOSYS.  Some functions are actually named
|     something starting with __ and the normal name is an alias.  */
| #if defined __stub_random || defined __stub___random
| choke me
| #endif
| 
| int
| main (void)
| {
| return random ();
|   ;
|   return 0;
| }
configure:23784: result: no
configure:23790: checking for rewinddir
configure:23790: cc -o conftest.exe    conftest.c -lm -liconv -ldinput8 -lopengl32 -lusb-1.0  -lwinmm -lntdll -ld2d1 -ld3d11 -lavrt -lwsock32 -lmingwex -lmsvcrt -lgtk-3 -lgdk-3 -lgdi32 -limm32 -lshell32 -lole32 -luuid -lwinmm -ldwmapi -lsetupapi -lcfgmgr32 -lhid -lwinspool -lcomctl32 -lcomdlg32 -lpangowin32-1.0 -lpangocairo-1.0 -lpango-1.0 -lharfbuzz -lz -latk-1.0 -lcairo-gobject -lcairo -lgdk_pixbuf-2.0 -lgio-2.0 -lgobject-2.0 -lglib-2.0 -lintl -lglib-2.0 -lintl -lglew32 -static-libgcc -lcurl >&5
configure:23790: $? = 0
configure:23790: result: yes
configure:23796: checking for strtok
configure:23796: cc -o conftest.exe    conftest.c -lm -liconv -ldinput8 -lopengl32 -lusb-1.0  -lwinmm -lntdll -ld2d1 -ld3d11 -lavrt -lwsock32 -lmingwex -lmsvcrt -lgtk-3 -lgdk-3 -lgdi32 -limm32 -lshell32 -lole32 -luuid -lwinmm -ldwmapi -lsetupapi -lcfgmgr32 -lhid -lwinspool -lcomctl32 -lcomdlg32 -lpangowin32-1.0 -lpangocairo-1.0 -lpango-1.0 -lharfbuzz -lz -latk-1.0 -lcairo-gobject -lcairo -lgdk_pixbuf-2.0 -lgio-2.0 -lgobject-2.0 -lglib-2.0 -lintl -lglib-2.0 -lintl -lglew32 -static-libgcc -lcurl >&5
configure:23796: $? = 0
configure:23796: result: yes
configure:23802: checking for strtok_r
configure:23802: cc -o conftest.exe    conftest.c -lm -liconv -ldinput8 -lopengl32 -lusb-1.0  -lwinmm -lntdll -ld2d1 -ld3d11 -lavrt -lwsock32 -lmingwex -lmsvcrt -lgtk-3 -lgdk-3 -lgdi32 -limm32 -lshell32 -lole32 -luuid -lwinmm -ldwmapi -lsetupapi -lcfgmgr32 -lhid -lwinspool -lcomctl32 -lcomdlg32 -lpangowin32-1.0 -lpangocairo-1.0 -lpango-1.0 -lharfbuzz -lz -latk-1.0 -lcairo-gobject -lcairo -lgdk_pixbuf-2.0 -lgio-2.0 -lgobject-2.0 -lglib-2.0 -lintl -lglib-2.0 -lintl -lglew32 -static-libgcc -lcurl >&5
configure:23802: $? = 0
configure:23802: result: yes
configure:23808: checking for strtoul
configure:23808: cc -o conftest.exe    conftest.c -lm -liconv -ldinput8 -lopengl32 -lusb-1.0  -lwinmm -lntdll -ld2d1 -ld3d11 -lavrt -lwsock32 -lmingwex -lmsvcrt -lgtk-3 -lgdk-3 -lgdi32 -limm32 -lshell32 -lole32 -luuid -lwinmm -ldwmapi -lsetupapi -lcfgmgr32 -lhid -lwinspool -lcomctl32 -lcomdlg32 -lpangowin32-1.0 -lpangocairo-1.0 -lpango-1.0 -lharfbuzz -lz -latk-1.0 -lcairo-gobject -lcairo -lgdk_pixbuf-2.0 -lgio-2.0 -lgobject-2.0 -lglib-2.0 -lintl -lglib-2.0 -lintl -lglew32 -static-libgcc -lcurl >&5
configure:23808: $? = 0
configure:23808: result: yes
configure:23814: checking for snprintf
configure:23814: cc -o conftest.exe    conftest.c -lm -liconv -ldinput8 -lopengl32 -lusb-1.0  -lwinmm -lntdll -ld2d1 -ld3d11 -lavrt -lwsock32 -lmingwex -lmsvcrt -lgtk-3 -lgdk-3 -lgdi32 -limm32 -lshell32 -lole32 -luuid -lwinmm -ldwmapi -lsetupapi -lcfgmgr32 -lhid -lwinspool -lcomctl32 -lcomdlg32 -lpangowin32-1.0 -lpangocairo-1.0 -lpango-1.0 -lharfbuzz -lz -latk-1.0 -lcairo-gobject -lcairo -lgdk_pixbuf-2.0 -lgio-2.0 -lgobject-2.0 -lglib-2.0 -lintl -lglib-2.0 -lintl -lglew32 -static-libgcc -lcurl >&5
conftest.c:117:6: warning: conflicting types for built-in function 'snprintf'; expected 'int(char *, long long unsigned int,  const char *, ...)' [-Wbuiltin-declaration-mismatch]
  117 | char snprintf (void);
      |      ^~~~~~~~
conftest.c:109:1: note: 'snprintf' is declared in header '<stdio.h>'
  108 | #include <limits.h>
  109 | #undef snprintf
configure:23814: $? = 0
configure:23814: result: yes
configure:23820: checking for vsnprintf
configure:23820: cc -o conftest.exe    conftest.c -lm -liconv -ldinput8 -lopengl32 -lusb-1.0  -lwinmm -lntdll -ld2d1 -ld3d11 -lavrt -lwsock32 -lmingwex -lmsvcrt -lgtk-3 -lgdk-3 -lgdi32 -limm32 -lshell32 -lole32 -luuid -lwinmm -ldwmapi -lsetupapi -lcfgmgr32 -lhid -lwinspool -lcomctl32 -lcomdlg32 -lpangowin32-1.0 -lpangocairo-1.0 -lpango-1.0 -lharfbuzz -lz -latk-1.0 -lcairo-gobject -lcairo -lgdk_pixbuf-2.0 -lgio-2.0 -lgobject-2.0 -lglib-2.0 -lintl -lglib-2.0 -lintl -lglew32 -static-libgcc -lcurl >&5
conftest.c:118:6: warning: conflicting types for built-in function 'vsnprintf'; expected 'int(char *, long long unsigned int,  const char *, char *)' [-Wbuiltin-declaration-mismatch]
  118 | char vsnprintf (void);
      |      ^~~~~~~~~
conftest.c:110:1: note: 'vsnprintf' is declared in header '<stdio.h>'
  109 | #include <limits.h>
  110 | #undef vsnprintf
configure:23820: $? = 0
configure:23820: result: yes
configure:23826: checking for ltoa
configure:23826: cc -o conftest.exe    conftest.c -lm -liconv -ldinput8 -lopengl32 -lusb-1.0  -lwinmm -lntdll -ld2d1 -ld3d11 -lavrt -lwsock32 -lmingwex -lmsvcrt -lgtk-3 -lgdk-3 -lgdi32 -limm32 -lshell32 -lole32 -luuid -lwinmm -ldwmapi -lsetupapi -lcfgmgr32 -lhid -lwinspool -lcomctl32 -lcomdlg32 -lpangowin32-1.0 -lpangocairo-1.0 -lpango-1.0 -lharfbuzz -lz -latk-1.0 -lcairo-gobject -lcairo -lgdk_pixbuf-2.0 -lgio-2.0 -lgobject-2.0 -lglib-2.0 -lintl -lglib-2.0 -lintl -lglew32 -static-libgcc -lcurl >&5
configure:23826: $? = 0
configure:23826: result: yes
configure:23832: checking for ultoa
configure:23832: cc -o conftest.exe    conftest.c -lm -liconv -ldinput8 -lopengl32 -lusb-1.0  -lwinmm -lntdll -ld2d1 -ld3d11 -lavrt -lwsock32 -lmingwex -lmsvcrt -lgtk-3 -lgdk-3 -lgdi32 -limm32 -lshell32 -lole32 -luuid -lwinmm -ldwmapi -lsetupapi -lcfgmgr32 -lhid -lwinspool -lcomctl32 -lcomdlg32 -lpangowin32-1.0 -lpangocairo-1.0 -lpango-1.0 -lharfbuzz -lz -latk-1.0 -lcairo-gobject -lcairo -lgdk_pixbuf-2.0 -lgio-2.0 -lgobject-2.0 -lglib-2.0 -lintl -lglib-2.0 -lintl -lglew32 -static-libgcc -lcurl >&5
C:/msys64/ucrt64/bin/../lib/gcc/x86_64-w64-mingw32/16.1.0/../../../../x86_64-w64-mingw32/bin/ld.exe: C:\msys64\tmp\ccCKGfcY.o:conftest.c:(.text+0xe): undefined reference to `ultoa'
collect2.exe: error: ld returned 1 exit status
configure:23832: $? = 1
configure: failed program was:
| /* confdefs.h */
| #define PACKAGE_NAME "vice"
| #define PACKAGE_TARNAME "vice"
| #define PACKAGE_VERSION "3.10"
| #define PACKAGE_STRING "vice 3.10"
| #define PACKAGE_BUGREPORT ""
| #define PACKAGE_URL ""
| #define CONFIGURE_FLAGS "--host=i686-w64-mingw32 --enable-native-tools"
| #define PACKAGE "vice"
| #define VERSION "3.10"
| #define HAVE_CXX11 1
| #define YYTEXT_POINTER 1
| #define _FILE_OFFSET_BITS 64
| #define HAVE_STDIO_H 1
| #define HAVE_STDLIB_H 1
| #define HAVE_STRING_H 1
| #define HAVE_INTTYPES_H 1
| #define HAVE_STDINT_H 1
| #define HAVE_STRINGS_H 1
| #define HAVE_SYS_STAT_H 1
| #define HAVE_SYS_TYPES_H 1
| #define HAVE_UNISTD_H 1
| #define STDC_HEADERS 1
| #define FEATURE_CPUMEMHISTORY /**/
| #define HAVE_NEW_8580_FILTER /**/
| #define HAVE_TIME_T_IN_TIME_H /**/
| #define HAVE_TIME_T_IN_TYPES_H /**/
| #define SIZEOF_TIME_T 8
| #define TIME_T_IS_64BIT /**/
| #define HAVE_COMMCTRL_H 1
| #define HAVE_SHLOBJ_H 1
| #define HAVE_WINIOCTL_H 1
| #define HAVE_WINSOCK_H 1
| #define HAVE_HTONL /**/
| #define HAVE_HTONS /**/
| #define HAVE_NETWORK /**/
| #define HAVE_RS232NET /**/
| #define HAVE_LIBUSB_1_0_LIBUSB_H 1
| #define HAVE_USBSID /**/
| #define HAVE_HARDSID /**/
| #define HAVE_RS232DEV /**/
| #define USE_GTK3UI /**/
| #define HAVE_HWSCALE /**/
| #define USE_VICE_THREAD /**/
| #define HAVE_DINPUT /**/
| #define HAVE_DINPUT_LIB /**/
| #define HAVE_LIBICONV 1
| #define HAVE_RESID /**/
| #define HAVE_RESID_DTV /**/
| #define HAVE_RESIDFP /**/
| #define HAVE_SYS_TYPES_H 1
| #define SIZEOF_UNSIGNED_SHORT 2
| #define SIZEOF_UNSIGNED_INT 4
| #define SIZEOF_UNSIGNED_LONG 4
| #define HAVE_DIRENT_H 1
| #define HAVE_DIRECT_H 1
| #define HAVE_ERRNO_H 1
| #define HAVE_FCNTL_H 1
| #define HAVE_LIMITS_H 1
| #define HAVE_REGEX_H 1
| #define HAVE_UNISTD_H 1
| #define HAVE_STRINGS_H 1
| #define HAVE_SYS_STAT_H 1
| #define HAVE_INTTYPES_H 1
| #define HAVE_LIBGEN_H 1
| #define HAVE_DIR_H 1
| #define HAVE_IO_H 1
| #define HAVE_PROCESS_H 1
| #define HAVE_SIGNAL_H 1
| #define HAVE_WCHAR_H 1
| #define HAVE_STDINT_H 1
| #define HAVE_SYS_TIME_H 1
| #define HAVE_DECL_SYS_SIGLIST 0
| #define HAVE_DYNLIB_SUPPORT /**/
| #define HAVE_MATH_H 1
| #define HAVE_LIBM 1
| #define HAVE_ZLIB /**/
| #define HAVE_LIBCURL /**/
| #define USE_DXSOUND /**/
| #define HAVE_DSOUND_LIB /**/
| #define RETSIGTYPE void
| #define vfork fork
| #define HAVE_OFF_T 1
| #define HAVE_OFF_T 1
| #define HAVE_OFF_T_IN_SYS_TYPES /**/
| #define HAVE_GETTIMEOFDAY 1
| #define HAVE_MEMMOVE 1
| #define HAVE_ATEXIT 1
| #define HAVE_STRERROR 1
| #define HAVE_STRCASECMP 1
| #define HAVE_STRNCASECMP 1
| #define HAVE_DIRNAME 1
| #define HAVE_MKSTEMP 1
| #define HAVE_SWAB 1
| #define HAVE_GETCWD 1
| #define HAVE_REWINDDIR 1
| #define HAVE_STRTOK 1
| #define HAVE_STRTOK_R 1
| #define HAVE_STRTOUL 1
| #define HAVE_SNPRINTF 1
| #define HAVE_VSNPRINTF 1
| #define HAVE_LTOA 1
| /* end confdefs.h.  */
| /* Define ultoa to an innocuous variant, in case <limits.h> declares ultoa.
|    For example, HP-UX 11i <limits.h> declares gettimeofday.  */
| #define ultoa innocuous_ultoa
| 
| /* System header to define __stub macros and hopefully few prototypes,
|    which can conflict with char ultoa (void); below.  */
| 
| #include <limits.h>
| #undef ultoa
| 
| /* Override any GCC internal prototype to avoid an error.
|    Use char because int might match the return type of a GCC
|    builtin and then its argument prototype would still apply.  */
| #ifdef __cplusplus
| extern "C"
| #endif
| char ultoa (void);
| /* The GNU C library defines this for functions which it implements
|     to always fail with ENOSYS.  Some functions are actually named
|     something starting with __ and the normal name is an alias.  */
| #if defined __stub_ultoa || defined __stub___ultoa
| choke me
| #endif
| 
| int
| main (void)
| {
| return ultoa ();
|   ;
|   return 0;
| }
configure:23832: result: no
configure:23838: checking for stpcpy
configure:23838: cc -o conftest.exe    conftest.c -lm -liconv -ldinput8 -lopengl32 -lusb-1.0  -lwinmm -lntdll -ld2d1 -ld3d11 -lavrt -lwsock32 -lmingwex -lmsvcrt -lgtk-3 -lgdk-3 -lgdi32 -limm32 -lshell32 -lole32 -luuid -lwinmm -ldwmapi -lsetupapi -lcfgmgr32 -lhid -lwinspool -lcomctl32 -lcomdlg32 -lpangowin32-1.0 -lpangocairo-1.0 -lpango-1.0 -lharfbuzz -lz -latk-1.0 -lcairo-gobject -lcairo -lgdk_pixbuf-2.0 -lgio-2.0 -lgobject-2.0 -lglib-2.0 -lintl -lglib-2.0 -lintl -lglew32 -static-libgcc -lcurl >&5
conftest.c:120:6: warning: conflicting types for built-in function 'stpcpy'; expected 'char *(char *, const char *)' [-Wbuiltin-declaration-mismatch]
  120 | char stpcpy (void);
      |      ^~~~~~
C:/msys64/ucrt64/bin/../lib/gcc/x86_64-w64-mingw32/16.1.0/../../../../x86_64-w64-mingw32/bin/ld.exe: C:\msys64\tmp\ccmyeIec.o:conftest.c:(.text+0xe): undefined reference to `stpcpy'
collect2.exe: error: ld returned 1 exit status
configure:23838: $? = 1
configure: failed program was:
| /* confdefs.h */
| #define PACKAGE_NAME "vice"
| #define PACKAGE_TARNAME "vice"
| #define PACKAGE_VERSION "3.10"
| #define PACKAGE_STRING "vice 3.10"
| #define PACKAGE_BUGREPORT ""
| #define PACKAGE_URL ""
| #define CONFIGURE_FLAGS "--host=i686-w64-mingw32 --enable-native-tools"
| #define PACKAGE "vice"
| #define VERSION "3.10"
| #define HAVE_CXX11 1
| #define YYTEXT_POINTER 1
| #define _FILE_OFFSET_BITS 64
| #define HAVE_STDIO_H 1
| #define HAVE_STDLIB_H 1
| #define HAVE_STRING_H 1
| #define HAVE_INTTYPES_H 1
| #define HAVE_STDINT_H 1
| #define HAVE_STRINGS_H 1
| #define HAVE_SYS_STAT_H 1
| #define HAVE_SYS_TYPES_H 1
| #define HAVE_UNISTD_H 1
| #define STDC_HEADERS 1
| #define FEATURE_CPUMEMHISTORY /**/
| #define HAVE_NEW_8580_FILTER /**/
| #define HAVE_TIME_T_IN_TIME_H /**/
| #define HAVE_TIME_T_IN_TYPES_H /**/
| #define SIZEOF_TIME_T 8
| #define TIME_T_IS_64BIT /**/
| #define HAVE_COMMCTRL_H 1
| #define HAVE_SHLOBJ_H 1
| #define HAVE_WINIOCTL_H 1
| #define HAVE_WINSOCK_H 1
| #define HAVE_HTONL /**/
| #define HAVE_HTONS /**/
| #define HAVE_NETWORK /**/
| #define HAVE_RS232NET /**/
| #define HAVE_LIBUSB_1_0_LIBUSB_H 1
| #define HAVE_USBSID /**/
| #define HAVE_HARDSID /**/
| #define HAVE_RS232DEV /**/
| #define USE_GTK3UI /**/
| #define HAVE_HWSCALE /**/
| #define USE_VICE_THREAD /**/
| #define HAVE_DINPUT /**/
| #define HAVE_DINPUT_LIB /**/
| #define HAVE_LIBICONV 1
| #define HAVE_RESID /**/
| #define HAVE_RESID_DTV /**/
| #define HAVE_RESIDFP /**/
| #define HAVE_SYS_TYPES_H 1
| #define SIZEOF_UNSIGNED_SHORT 2
| #define SIZEOF_UNSIGNED_INT 4
| #define SIZEOF_UNSIGNED_LONG 4
| #define HAVE_DIRENT_H 1
| #define HAVE_DIRECT_H 1
| #define HAVE_ERRNO_H 1
| #define HAVE_FCNTL_H 1
| #define HAVE_LIMITS_H 1
| #define HAVE_REGEX_H 1
| #define HAVE_UNISTD_H 1
| #define HAVE_STRINGS_H 1
| #define HAVE_SYS_STAT_H 1
| #define HAVE_INTTYPES_H 1
| #define HAVE_LIBGEN_H 1
| #define HAVE_DIR_H 1
| #define HAVE_IO_H 1
| #define HAVE_PROCESS_H 1
| #define HAVE_SIGNAL_H 1
| #define HAVE_WCHAR_H 1
| #define HAVE_STDINT_H 1
| #define HAVE_SYS_TIME_H 1
| #define HAVE_DECL_SYS_SIGLIST 0
| #define HAVE_DYNLIB_SUPPORT /**/
| #define HAVE_MATH_H 1
| #define HAVE_LIBM 1
| #define HAVE_ZLIB /**/
| #define HAVE_LIBCURL /**/
| #define USE_DXSOUND /**/
| #define HAVE_DSOUND_LIB /**/
| #define RETSIGTYPE void
| #define vfork fork
| #define HAVE_OFF_T 1
| #define HAVE_OFF_T 1
| #define HAVE_OFF_T_IN_SYS_TYPES /**/
| #define HAVE_GETTIMEOFDAY 1
| #define HAVE_MEMMOVE 1
| #define HAVE_ATEXIT 1
| #define HAVE_STRERROR 1
| #define HAVE_STRCASECMP 1
| #define HAVE_STRNCASECMP 1
| #define HAVE_DIRNAME 1
| #define HAVE_MKSTEMP 1
| #define HAVE_SWAB 1
| #define HAVE_GETCWD 1
| #define HAVE_REWINDDIR 1
| #define HAVE_STRTOK 1
| #define HAVE_STRTOK_R 1
| #define HAVE_STRTOUL 1
| #define HAVE_SNPRINTF 1
| #define HAVE_VSNPRINTF 1
| #define HAVE_LTOA 1
| /* end confdefs.h.  */
| /* Define stpcpy to an innocuous variant, in case <limits.h> declares stpcpy.
|    For example, HP-UX 11i <limits.h> declares gettimeofday.  */
| #define stpcpy innocuous_stpcpy
| 
| /* System header to define __stub macros and hopefully few prototypes,
|    which can conflict with char stpcpy (void); below.  */
| 
| #include <limits.h>
| #undef stpcpy
| 
| /* Override any GCC internal prototype to avoid an error.
|    Use char because int might match the return type of a GCC
|    builtin and then its argument prototype would still apply.  */
| #ifdef __cplusplus
| extern "C"
| #endif
| char stpcpy (void);
| /* The GNU C library defines this for functions which it implements
|     to always fail with ENOSYS.  Some functions are actually named
|     something starting with __ and the normal name is an alias.  */
| #if defined __stub_stpcpy || defined __stub___stpcpy
| choke me
| #endif
| 
| int
| main (void)
| {
| return stpcpy ();
|   ;
|   return 0;
| }
configure:23838: result: no
configure:23844: checking for strlcpy
configure:23844: cc -o conftest.exe    conftest.c -lm -liconv -ldinput8 -lopengl32 -lusb-1.0  -lwinmm -lntdll -ld2d1 -ld3d11 -lavrt -lwsock32 -lmingwex -lmsvcrt -lgtk-3 -lgdk-3 -lgdi32 -limm32 -lshell32 -lole32 -luuid -lwinmm -ldwmapi -lsetupapi -lcfgmgr32 -lhid -lwinspool -lcomctl32 -lcomdlg32 -lpangowin32-1.0 -lpangocairo-1.0 -lpango-1.0 -lharfbuzz -lz -latk-1.0 -lcairo-gobject -lcairo -lgdk_pixbuf-2.0 -lgio-2.0 -lgobject-2.0 -lglib-2.0 -lintl -lglib-2.0 -lintl -lglew32 -static-libgcc -lcurl >&5
C:/msys64/ucrt64/bin/../lib/gcc/x86_64-w64-mingw32/16.1.0/../../../../x86_64-w64-mingw32/bin/ld.exe: C:\msys64\tmp\ccQ20wE9.o:conftest.c:(.text+0xe): undefined reference to `strlcpy'
collect2.exe: error: ld returned 1 exit status
configure:23844: $? = 1
configure: failed program was:
| /* confdefs.h */
| #define PACKAGE_NAME "vice"
| #define PACKAGE_TARNAME "vice"
| #define PACKAGE_VERSION "3.10"
| #define PACKAGE_STRING "vice 3.10"
| #define PACKAGE_BUGREPORT ""
| #define PACKAGE_URL ""
| #define CONFIGURE_FLAGS "--host=i686-w64-mingw32 --enable-native-tools"
| #define PACKAGE "vice"
| #define VERSION "3.10"
| #define HAVE_CXX11 1
| #define YYTEXT_POINTER 1
| #define _FILE_OFFSET_BITS 64
| #define HAVE_STDIO_H 1
| #define HAVE_STDLIB_H 1
| #define HAVE_STRING_H 1
| #define HAVE_INTTYPES_H 1
| #define HAVE_STDINT_H 1
| #define HAVE_STRINGS_H 1
| #define HAVE_SYS_STAT_H 1
| #define HAVE_SYS_TYPES_H 1
| #define HAVE_UNISTD_H 1
| #define STDC_HEADERS 1
| #define FEATURE_CPUMEMHISTORY /**/
| #define HAVE_NEW_8580_FILTER /**/
| #define HAVE_TIME_T_IN_TIME_H /**/
| #define HAVE_TIME_T_IN_TYPES_H /**/
| #define SIZEOF_TIME_T 8
| #define TIME_T_IS_64BIT /**/
| #define HAVE_COMMCTRL_H 1
| #define HAVE_SHLOBJ_H 1
| #define HAVE_WINIOCTL_H 1
| #define HAVE_WINSOCK_H 1
| #define HAVE_HTONL /**/
| #define HAVE_HTONS /**/
| #define HAVE_NETWORK /**/
| #define HAVE_RS232NET /**/
| #define HAVE_LIBUSB_1_0_LIBUSB_H 1
| #define HAVE_USBSID /**/
| #define HAVE_HARDSID /**/
| #define HAVE_RS232DEV /**/
| #define USE_GTK3UI /**/
| #define HAVE_HWSCALE /**/
| #define USE_VICE_THREAD /**/
| #define HAVE_DINPUT /**/
| #define HAVE_DINPUT_LIB /**/
| #define HAVE_LIBICONV 1
| #define HAVE_RESID /**/
| #define HAVE_RESID_DTV /**/
| #define HAVE_RESIDFP /**/
| #define HAVE_SYS_TYPES_H 1
| #define SIZEOF_UNSIGNED_SHORT 2
| #define SIZEOF_UNSIGNED_INT 4
| #define SIZEOF_UNSIGNED_LONG 4
| #define HAVE_DIRENT_H 1
| #define HAVE_DIRECT_H 1
| #define HAVE_ERRNO_H 1
| #define HAVE_FCNTL_H 1
| #define HAVE_LIMITS_H 1
| #define HAVE_REGEX_H 1
| #define HAVE_UNISTD_H 1
| #define HAVE_STRINGS_H 1
| #define HAVE_SYS_STAT_H 1
| #define HAVE_INTTYPES_H 1
| #define HAVE_LIBGEN_H 1
| #define HAVE_DIR_H 1
| #define HAVE_IO_H 1
| #define HAVE_PROCESS_H 1
| #define HAVE_SIGNAL_H 1
| #define HAVE_WCHAR_H 1
| #define HAVE_STDINT_H 1
| #define HAVE_SYS_TIME_H 1
| #define HAVE_DECL_SYS_SIGLIST 0
| #define HAVE_DYNLIB_SUPPORT /**/
| #define HAVE_MATH_H 1
| #define HAVE_LIBM 1
| #define HAVE_ZLIB /**/
| #define HAVE_LIBCURL /**/
| #define USE_DXSOUND /**/
| #define HAVE_DSOUND_LIB /**/
| #define RETSIGTYPE void
| #define vfork fork
| #define HAVE_OFF_T 1
| #define HAVE_OFF_T 1
| #define HAVE_OFF_T_IN_SYS_TYPES /**/
| #define HAVE_GETTIMEOFDAY 1
| #define HAVE_MEMMOVE 1
| #define HAVE_ATEXIT 1
| #define HAVE_STRERROR 1
| #define HAVE_STRCASECMP 1
| #define HAVE_STRNCASECMP 1
| #define HAVE_DIRNAME 1
| #define HAVE_MKSTEMP 1
| #define HAVE_SWAB 1
| #define HAVE_GETCWD 1
| #define HAVE_REWINDDIR 1
| #define HAVE_STRTOK 1
| #define HAVE_STRTOK_R 1
| #define HAVE_STRTOUL 1
| #define HAVE_SNPRINTF 1
| #define HAVE_VSNPRINTF 1
| #define HAVE_LTOA 1
| /* end confdefs.h.  */
| /* Define strlcpy to an innocuous variant, in case <limits.h> declares strlcpy.
|    For example, HP-UX 11i <limits.h> declares gettimeofday.  */
| #define strlcpy innocuous_strlcpy
| 
| /* System header to define __stub macros and hopefully few prototypes,
|    which can conflict with char strlcpy (void); below.  */
| 
| #include <limits.h>
| #undef strlcpy
| 
| /* Override any GCC internal prototype to avoid an error.
|    Use char because int might match the return type of a GCC
|    builtin and then its argument prototype would still apply.  */
| #ifdef __cplusplus
| extern "C"
| #endif
| char strlcpy (void);
| /* The GNU C library defines this for functions which it implements
|     to always fail with ENOSYS.  Some functions are actually named
|     something starting with __ and the normal name is an alias.  */
| #if defined __stub_strlcpy || defined __stub___strlcpy
| choke me
| #endif
| 
| int
| main (void)
| {
| return strlcpy ();
|   ;
|   return 0;
| }
configure:23844: result: no
configure:23850: checking for strlwr
configure:23850: cc -o conftest.exe    conftest.c -lm -liconv -ldinput8 -lopengl32 -lusb-1.0  -lwinmm -lntdll -ld2d1 -ld3d11 -lavrt -lwsock32 -lmingwex -lmsvcrt -lgtk-3 -lgdk-3 -lgdi32 -limm32 -lshell32 -lole32 -luuid -lwinmm -ldwmapi -lsetupapi -lcfgmgr32 -lhid -lwinspool -lcomctl32 -lcomdlg32 -lpangowin32-1.0 -lpangocairo-1.0 -lpango-1.0 -lharfbuzz -lz -latk-1.0 -lcairo-gobject -lcairo -lgdk_pixbuf-2.0 -lgio-2.0 -lgobject-2.0 -lglib-2.0 -lintl -lglib-2.0 -lintl -lglew32 -static-libgcc -lcurl >&5
configure:23850: $? = 0
configure:23850: result: yes
configure:23856: checking for strrev
configure:23856: cc -o conftest.exe    conftest.c -lm -liconv -ldinput8 -lopengl32 -lusb-1.0  -lwinmm -lntdll -ld2d1 -ld3d11 -lavrt -lwsock32 -lmingwex -lmsvcrt -lgtk-3 -lgdk-3 -lgdi32 -limm32 -lshell32 -lole32 -luuid -lwinmm -ldwmapi -lsetupapi -lcfgmgr32 -lhid -lwinspool -lcomctl32 -lcomdlg32 -lpangowin32-1.0 -lpangocairo-1.0 -lpango-1.0 -lharfbuzz -lz -latk-1.0 -lcairo-gobject -lcairo -lgdk_pixbuf-2.0 -lgio-2.0 -lgobject-2.0 -lglib-2.0 -lintl -lglib-2.0 -lintl -lglew32 -static-libgcc -lcurl >&5
configure:23856: $? = 0
configure:23856: result: yes
configure:23862: checking for fseeko
configure:23862: cc -o conftest.exe    conftest.c -lm -liconv -ldinput8 -lopengl32 -lusb-1.0  -lwinmm -lntdll -ld2d1 -ld3d11 -lavrt -lwsock32 -lmingwex -lmsvcrt -lgtk-3 -lgdk-3 -lgdi32 -limm32 -lshell32 -lole32 -luuid -lwinmm -ldwmapi -lsetupapi -lcfgmgr32 -lhid -lwinspool -lcomctl32 -lcomdlg32 -lpangowin32-1.0 -lpangocairo-1.0 -lpango-1.0 -lharfbuzz -lz -latk-1.0 -lcairo-gobject -lcairo -lgdk_pixbuf-2.0 -lgio-2.0 -lgobject-2.0 -lglib-2.0 -lintl -lglib-2.0 -lintl -lglew32 -static-libgcc -lcurl >&5
configure:23862: $? = 0
configure:23862: result: yes
configure:23868: checking for ftello
configure:23868: cc -o conftest.exe    conftest.c -lm -liconv -ldinput8 -lopengl32 -lusb-1.0  -lwinmm -lntdll -ld2d1 -ld3d11 -lavrt -lwsock32 -lmingwex -lmsvcrt -lgtk-3 -lgdk-3 -lgdi32 -limm32 -lshell32 -lole32 -luuid -lwinmm -ldwmapi -lsetupapi -lcfgmgr32 -lhid -lwinspool -lcomctl32 -lcomdlg32 -lpangowin32-1.0 -lpangocairo-1.0 -lpango-1.0 -lharfbuzz -lz -latk-1.0 -lcairo-gobject -lcairo -lgdk_pixbuf-2.0 -lgio-2.0 -lgobject-2.0 -lglib-2.0 -lintl -lglib-2.0 -lintl -lglew32 -static-libgcc -lcurl >&5
configure:23868: $? = 0
configure:23868: result: yes
configure:23874: checking for _fseeki64
configure:23874: cc -o conftest.exe    conftest.c -lm -liconv -ldinput8 -lopengl32 -lusb-1.0  -lwinmm -lntdll -ld2d1 -ld3d11 -lavrt -lwsock32 -lmingwex -lmsvcrt -lgtk-3 -lgdk-3 -lgdi32 -limm32 -lshell32 -lole32 -luuid -lwinmm -ldwmapi -lsetupapi -lcfgmgr32 -lhid -lwinspool -lcomctl32 -lcomdlg32 -lpangowin32-1.0 -lpangocairo-1.0 -lpango-1.0 -lharfbuzz -lz -latk-1.0 -lcairo-gobject -lcairo -lgdk_pixbuf-2.0 -lgio-2.0 -lgobject-2.0 -lglib-2.0 -lintl -lglib-2.0 -lintl -lglew32 -static-libgcc -lcurl >&5
configure:23874: $? = 0
configure:23874: result: yes
configure:23880: checking for _ftelli64
configure:23880: cc -o conftest.exe    conftest.c -lm -liconv -ldinput8 -lopengl32 -lusb-1.0  -lwinmm -lntdll -ld2d1 -ld3d11 -lavrt -lwsock32 -lmingwex -lmsvcrt -lgtk-3 -lgdk-3 -lgdi32 -limm32 -lshell32 -lole32 -luuid -lwinmm -ldwmapi -lsetupapi -lcfgmgr32 -lhid -lwinspool -lcomctl32 -lcomdlg32 -lpangowin32-1.0 -lpangocairo-1.0 -lpango-1.0 -lharfbuzz -lz -latk-1.0 -lcairo-gobject -lcairo -lgdk_pixbuf-2.0 -lgio-2.0 -lgobject-2.0 -lglib-2.0 -lintl -lglib-2.0 -lintl -lglew32 -static-libgcc -lcurl >&5
configure:23880: $? = 0
configure:23880: result: yes
configure:23890: checking for strdup
configure:23890: cc -o conftest.exe    conftest.c -lm -liconv -ldinput8 -lopengl32 -lusb-1.0  -lwinmm -lntdll -ld2d1 -ld3d11 -lavrt -lwsock32 -lmingwex -lmsvcrt -lgtk-3 -lgdk-3 -lgdi32 -limm32 -lshell32 -lole32 -luuid -lwinmm -ldwmapi -lsetupapi -lcfgmgr32 -lhid -lwinspool -lcomctl32 -lcomdlg32 -lpangowin32-1.0 -lpangocairo-1.0 -lpango-1.0 -lharfbuzz -lz -latk-1.0 -lcairo-gobject -lcairo -lgdk_pixbuf-2.0 -lgio-2.0 -lgobject-2.0 -lglib-2.0 -lintl -lglib-2.0 -lintl -lglew32 -static-libgcc -lcurl >&5
conftest.c:126:6: warning: conflicting types for built-in function 'strdup'; expected 'char *(const char *)' [-Wbuiltin-declaration-mismatch]
  126 | char strdup (void);
      |      ^~~~~~
configure:23890: $? = 0
configure:23890: result: yes
configure:23938: checking for nanosleep
configure:23938: cc -o conftest.exe    conftest.c -lm -liconv -ldinput8 -lopengl32 -lusb-1.0  -lwinmm -lntdll -ld2d1 -ld3d11 -lavrt -lwsock32 -lmingwex -lmsvcrt -lgtk-3 -lgdk-3 -lgdi32 -limm32 -lshell32 -lole32 -luuid -lwinmm -ldwmapi -lsetupapi -lcfgmgr32 -lhid -lwinspool -lcomctl32 -lcomdlg32 -lpangowin32-1.0 -lpangocairo-1.0 -lpango-1.0 -lharfbuzz -lz -latk-1.0 -lcairo-gobject -lcairo -lgdk_pixbuf-2.0 -lgio-2.0 -lgobject-2.0 -lglib-2.0 -lintl -lglib-2.0 -lintl -lglew32 -static-libgcc -lcurl >&5
configure:23938: $? = 0
configure:23938: result: yes
configure:23953: checking for png.h
configure:23953: cc -c   conftest.c >&5
configure:23953: $? = 0
configure:23953: result: yes
configure:23961: checking for png_sig_cmp in -lpng
configure:23990: cc -o conftest.exe    conftest.c -lpng  -lm -liconv -ldinput8 -lopengl32 -lusb-1.0  -lwinmm -lntdll -ld2d1 -ld3d11 -lavrt -lwsock32 -lmingwex -lmsvcrt -lgtk-3 -lgdk-3 -lgdi32 -limm32 -lshell32 -lole32 -luuid -lwinmm -ldwmapi -lsetupapi -lcfgmgr32 -lhid -lwinspool -lcomctl32 -lcomdlg32 -lpangowin32-1.0 -lpangocairo-1.0 -lpango-1.0 -lharfbuzz -lz -latk-1.0 -lcairo-gobject -lcairo -lgdk_pixbuf-2.0 -lgio-2.0 -lgobject-2.0 -lglib-2.0 -lintl -lglib-2.0 -lintl -lglew32 -static-libgcc -lcurl >&5
configure:23990: $? = 0
configure:24002: result: yes
configure:24661: checking for OpenCBM support
configure:24677: result: yes
configure:25312: checking that generated files are newer than configure
configure:25318: result: done
configure:25551: === configuring in src/resid (/home/crystal/vice/vice/src/resid)
configure:25628: running /bin/sh ./configure '--prefix=/ucrt64' --disable-option-checking  '--host=i686-w64-mingw32' '--enable-native-tools' 'host_alias=i686-w64-mingw32' '--disable-option-checking' '--srcdir=.' --cache-file=
configure:25646: === configuring in src/resid-dtv (/home/crystal/vice/vice/src/resid-dtv)
configure:25723: running /bin/sh ./configure '--prefix=/ucrt64' --disable-option-checking  '--host=i686-w64-mingw32' '--enable-native-tools' 'host_alias=i686-w64-mingw32' '--disable-option-checking' '--srcdir=.' --cache-file=
configure:25761: === configuring in src/lib/libresidfp (/home/crystal/vice/vice/src/lib/libresidfp)
configure:25838: running /bin/sh ./configure '--prefix=/ucrt64' --disable-option-checking  '--host=i686-w64-mingw32' '--enable-native-tools' 'host_alias=i686-w64-mingw32' '--disable-option-checking' '--disable-tests' '--srcdir=.' --cache-file=
configure:26077: creating ./config.status

## ---------------------- ##
## Running config.status. ##
## ---------------------- ##

This file was extended by vice config.status 3.10, which was
generated by GNU Autoconf 2.73.  Invocation command line was

  CONFIG_FILES    = 
  CONFIG_HEADERS  = 
  CONFIG_LINKS    = 
  CONFIG_COMMANDS = 
  $ ./config.status 

on LAPTOP-0BS9KNOH

config.status:1298: creating Makefile
config.status:1298: creating build/Makefile
config.status:1298: creating build/beos/Makefile
config.status:1298: creating build/macOS/Makefile
config.status:1298: creating data/Makefile
config.status:1298: creating data/C128/Makefile
config.status:1298: creating data/C64/Makefile
config.status:1298: creating data/C64DTV/Makefile
config.status:1298: creating data/CBM-II/Makefile
config.status:1298: creating data/DRIVES/Makefile
config.status:1298: creating data/PET/Makefile
config.status:1298: creating data/PLUS4/Makefile
config.status:1298: creating data/SCPU64/Makefile
config.status:1298: creating data/PRINTER/Makefile
config.status:1298: creating data/VIC20/Makefile
config.status:1298: creating data/common/Makefile
config.status:1298: creating data/GLSL/Makefile
config.status:1298: creating data/hotkeys/Makefile
config.status:1298: creating data/joymaps/Makefile
config.status:1298: creating doc/Makefile
config.status:1298: creating doc/building/Makefile
config.status:1298: creating doc/html/Makefile
config.status:1298: creating doc/readmes/Makefile
config.status:1298: creating doc/vim/Makefile
config.status:1298: creating doc/vim/ftdetect/Makefile
config.status:1298: creating doc/vim/syntax/Makefile
config.status:1298: creating src/Makefile
config.status:1298: creating src/debug.h
config.status:1298: creating src/arch/Makefile
config.status:1298: creating src/arch/gtk3/Makefile
config.status:1298: creating src/arch/gtk3/data/Makefile
config.status:1298: creating src/arch/gtk3/data/macos/Makefile
config.status:1298: creating src/arch/gtk3/data/win32/Makefile
config.status:1298: creating src/arch/gtk3/joystickdrv/Makefile
config.status:1298: creating src/arch/gtk3/novte/Makefile
config.status:1298: creating src/arch/gtk3/widgets/Makefile
config.status:1298: creating src/arch/gtk3/widgets/base/Makefile
config.status:1298: creating src/arch/sdl/Makefile
config.status:1298: creating src/arch/headless/Makefile
config.status:1298: creating src/arch/shared/Makefile
config.status:1298: creating src/arch/shared/hotkeys/Makefile
config.status:1298: creating src/arch/shared/hwsiddrv/Makefile
config.status:1298: creating src/arch/shared/mididrv/Makefile
config.status:1298: creating src/arch/shared/socketdrv/Makefile
config.status:1298: creating src/arch/shared/sounddrv/Makefile
config.status:1298: creating src/buildtools/Makefile
config.status:1298: creating src/c128/Makefile
config.status:1298: creating src/c128/cart/Makefile
config.status:1298: creating src/c64/Makefile
config.status:1298: creating src/c64/cart/Makefile
config.status:1298: creating src/c64dtv/Makefile
config.status:1298: creating src/scpu64/Makefile
config.status:1298: creating src/cbm2/Makefile
config.status:1298: creating src/cbm2/cart/Makefile
config.status:1298: creating src/core/Makefile
config.status:1298: creating src/core/rtc/Makefile
config.status:1298: creating src/crtc/Makefile
config.status:1298: creating src/datasette/Makefile
config.status:1298: creating src/diag/Makefile
config.status:1298: creating src/diskimage/Makefile
config.status:1298: creating src/drive/Makefile
config.status:1298: creating src/drive/iec/Makefile
config.status:1298: creating src/drive/iec/c64exp/Makefile
config.status:1298: creating src/drive/iec/plus4exp/Makefile
config.status:1298: creating src/drive/iec128dcr/Makefile
config.status:1298: creating src/drive/iecieee/Makefile
config.status:1298: creating src/drive/ieee/Makefile
config.status:1298: creating src/drive/tcbm/Makefile
config.status:1298: creating src/fileio/Makefile
config.status:1298: creating src/fsdevice/Makefile
config.status:1298: creating src/gfxoutputdrv/Makefile
config.status:1298: creating src/hvsc/Makefile
config.status:1298: creating src/iecbus/Makefile
config.status:1298: creating src/imagecontents/Makefile
config.status:1298: creating src/joyport/Makefile
config.status:1298: creating src/lib/Makefile
config.status:1298: creating src/lib/p64/Makefile
config.status:1298: creating src/lib/linenoise-ng/Makefile
config.status:1298: creating src/lib/libusbsiddrv/Makefile
config.status:1298: creating src/lib/libzmbv/Makefile
config.status:1298: creating src/lib/md5/Makefile
config.status:1298: creating src/monitor/Makefile
config.status:1298: creating src/parallel/Makefile
config.status:1298: creating src/pet/Makefile
config.status:1298: creating src/plus4/Makefile
config.status:1298: creating src/plus4/cart/Makefile
config.status:1298: creating src/printerdrv/Makefile
config.status:1298: creating src/raster/Makefile
config.status:1298: creating src/rs232drv/Makefile
config.status:1298: creating src/samplerdrv/Makefile
config.status:1298: creating src/serial/Makefile
config.status:1298: creating src/sid/Makefile
config.status:1298: creating src/tape/Makefile
config.status:1298: creating src/tapeport/Makefile
config.status:1298: creating src/tools/Makefile
config.status:1298: creating src/tools/cartconv/Makefile
config.status:1298: creating src/tools/petcat/Makefile
config.status:1298: creating src/userport/Makefile
config.status:1298: creating src/vdc/Makefile
config.status:1298: creating src/vdrive/Makefile
config.status:1298: creating src/vic20/Makefile
config.status:1298: creating src/vic20/cart/Makefile
config.status:1298: creating src/vicii/Makefile
config.status:1298: creating src/viciisc/Makefile
config.status:1298: creating src/video/Makefile
config.status:1298: creating src/version.h
config.status:1298: creating src/vice-version.sh
config.status:1298: creating src/config.h
config.status:1527: executing depfiles commands
config.status:1602: cd src       && sed -e '/# am--include-marker/d' Makefile         | make -f - am--depfiles
config.status:1609: $? = 0
config.status:1602: cd src/arch/gtk3       && sed -e '/# am--include-marker/d' Makefile         | make -f - am--depfiles
config.status:1609: $? = 0
config.status:1602: cd src/arch/gtk3/joystickdrv       && sed -e '/# am--include-marker/d' Makefile         | make -f - am--depfiles
config.status:1609: $? = 0
config.status:1602: cd src/arch/gtk3/novte       && sed -e '/# am--include-marker/d' Makefile         | make -f - am--depfiles
config.status:1609: $? = 0
config.status:1602: cd src/arch/gtk3/widgets       && sed -e '/# am--include-marker/d' Makefile         | make -f - am--depfiles
config.status:1609: $? = 0
config.status:1602: cd src/arch/gtk3/widgets/base       && sed -e '/# am--include-marker/d' Makefile         | make -f - am--depfiles
config.status:1609: $? = 0
config.status:1602: cd src/arch/sdl       && sed -e '/# am--include-marker/d' Makefile         | make -f - am--depfiles
config.status:1609: $? = 0
config.status:1602: cd src/arch/headless       && sed -e '/# am--include-marker/d' Makefile         | make -f - am--depfiles
config.status:1609: $? = 0
config.status:1602: cd src/arch/shared       && sed -e '/# am--include-marker/d' Makefile         | make -f - am--depfiles
config.status:1609: $? = 0
config.status:1602: cd src/arch/shared/hotkeys       && sed -e '/# am--include-marker/d' Makefile         | make -f - am--depfiles
config.status:1609: $? = 0
config.status:1602: cd src/arch/shared/hwsiddrv       && sed -e '/# am--include-marker/d' Makefile         | make -f - am--depfiles
config.status:1609: $? = 0
config.status:1602: cd src/arch/shared/mididrv       && sed -e '/# am--include-marker/d' Makefile         | make -f - am--depfiles
config.status:1609: $? = 0
config.status:1602: cd src/arch/shared/socketdrv       && sed -e '/# am--include-marker/d' Makefile         | make -f - am--depfiles
config.status:1609: $? = 0
config.status:1602: cd src/arch/shared/sounddrv       && sed -e '/# am--include-marker/d' Makefile         | make -f - am--depfiles
config.status:1609: $? = 0
config.status:1602: cd src/c128       && sed -e '/# am--include-marker/d' Makefile         | make -f - am--depfiles
config.status:1609: $? = 0
config.status:1602: cd src/c128/cart       && sed -e '/# am--include-marker/d' Makefile         | make -f - am--depfiles
config.status:1609: $? = 0
config.status:1602: cd src/c64       && sed -e '/# am--include-marker/d' Makefile         | make -f - am--depfiles
config.status:1609: $? = 0
config.status:1602: cd src/c64/cart       && sed -e '/# am--include-marker/d' Makefile         | make -f - am--depfiles
config.status:1609: $? = 0
config.status:1602: cd src/c64dtv       && sed -e '/# am--include-marker/d' Makefile         | make -f - am--depfiles
config.status:1609: $? = 0
config.status:1602: cd src/scpu64       && sed -e '/# am--include-marker/d' Makefile         | make -f - am--depfiles
config.status:1609: $? = 0
config.status:1602: cd src/cbm2       && sed -e '/# am--include-marker/d' Makefile         | make -f - am--depfiles
config.status:1609: $? = 0
config.status:1602: cd src/cbm2/cart       && sed -e '/# am--include-marker/d' Makefile         | make -f - am--depfiles
config.status:1609: $? = 0
config.status:1602: cd src/core       && sed -e '/# am--include-marker/d' Makefile         | make -f - am--depfiles
config.status:1609: $? = 0
config.status:1602: cd src/core/rtc       && sed -e '/# am--include-marker/d' Makefile         | make -f - am--depfiles
config.status:1609: $? = 0
config.status:1602: cd src/crtc       && sed -e '/# am--include-marker/d' Makefile         | make -f - am--depfiles
config.status:1609: $? = 0
config.status:1602: cd src/datasette       && sed -e '/# am--include-marker/d' Makefile         | make -f - am--depfiles
config.status:1609: $? = 0
config.status:1602: cd src/diag       && sed -e '/# am--include-marker/d' Makefile         | make -f - am--depfiles
config.status:1609: $? = 0
config.status:1602: cd src/diskimage       && sed -e '/# am--include-marker/d' Makefile         | make -f - am--depfiles
config.status:1609: $? = 0
config.status:1602: cd src/drive       && sed -e '/# am--include-marker/d' Makefile         | make -f - am--depfiles
config.status:1609: $? = 0
config.status:1602: cd src/drive/iec       && sed -e '/# am--include-marker/d' Makefile         | make -f - am--depfiles
config.status:1609: $? = 0
config.status:1602: cd src/drive/iec/c64exp       && sed -e '/# am--include-marker/d' Makefile         | make -f - am--depfiles
config.status:1609: $? = 0
config.status:1602: cd src/drive/iec/plus4exp       && sed -e '/# am--include-marker/d' Makefile         | make -f - am--depfiles
config.status:1609: $? = 0
config.status:1602: cd src/drive/iec128dcr       && sed -e '/# am--include-marker/d' Makefile         | make -f - am--depfiles
config.status:1609: $? = 0
config.status:1602: cd src/drive/iecieee       && sed -e '/# am--include-marker/d' Makefile         | make -f - am--depfiles
config.status:1609: $? = 0
config.status:1602: cd src/drive/ieee       && sed -e '/# am--include-marker/d' Makefile         | make -f - am--depfiles
config.status:1609: $? = 0
config.status:1602: cd src/drive/tcbm       && sed -e '/# am--include-marker/d' Makefile         | make -f - am--depfiles
config.status:1609: $? = 0
config.status:1602: cd src/fileio       && sed -e '/# am--include-marker/d' Makefile         | make -f - am--depfiles
config.status:1609: $? = 0
config.status:1602: cd src/fsdevice       && sed -e '/# am--include-marker/d' Makefile         | make -f - am--depfiles
config.status:1609: $? = 0
config.status:1602: cd src/gfxoutputdrv       && sed -e '/# am--include-marker/d' Makefile         | make -f - am--depfiles
config.status:1609: $? = 0
config.status:1602: cd src/hvsc       && sed -e '/# am--include-marker/d' Makefile         | make -f - am--depfiles
config.status:1609: $? = 0
config.status:1602: cd src/iecbus       && sed -e '/# am--include-marker/d' Makefile         | make -f - am--depfiles
config.status:1609: $? = 0
config.status:1602: cd src/imagecontents       && sed -e '/# am--include-marker/d' Makefile         | make -f - am--depfiles
config.status:1609: $? = 0
config.status:1602: cd src/joyport       && sed -e '/# am--include-marker/d' Makefile         | make -f - am--depfiles
config.status:1609: $? = 0
config.status:1602: cd src/lib/p64       && sed -e '/# am--include-marker/d' Makefile         | make -f - am--depfiles
config.status:1609: $? = 0
config.status:1602: cd src/lib/linenoise-ng       && sed -e '/# am--include-marker/d' Makefile         | make -f - am--depfiles
config.status:1609: $? = 0
config.status:1602: cd src/lib/libusbsiddrv       && sed -e '/# am--include-marker/d' Makefile         | make -f - am--depfiles
config.status:1609: $? = 0
config.status:1602: cd src/lib/libzmbv       && sed -e '/# am--include-marker/d' Makefile         | make -f - am--depfiles
config.status:1609: $? = 0
config.status:1602: cd src/lib/md5       && sed -e '/# am--include-marker/d' Makefile         | make -f - am--depfiles
config.status:1609: $? = 0
config.status:1602: cd src/monitor       && sed -e '/# am--include-marker/d' Makefile         | make -f - am--depfiles
config.status:1609: $? = 0
config.status:1602: cd src/parallel       && sed -e '/# am--include-marker/d' Makefile         | make -f - am--depfiles
config.status:1609: $? = 0
config.status:1602: cd src/pet       && sed -e '/# am--include-marker/d' Makefile         | make -f - am--depfiles
config.status:1609: $? = 0
config.status:1602: cd src/plus4       && sed -e '/# am--include-marker/d' Makefile         | make -f - am--depfiles
config.status:1609: $? = 0
config.status:1602: cd src/plus4/cart       && sed -e '/# am--include-marker/d' Makefile         | make -f - am--depfiles
config.status:1609: $? = 0
config.status:1602: cd src/printerdrv       && sed -e '/# am--include-marker/d' Makefile         | make -f - am--depfiles
config.status:1609: $? = 0
config.status:1602: cd src/raster       && sed -e '/# am--include-marker/d' Makefile         | make -f - am--depfiles
config.status:1609: $? = 0
config.status:1602: cd src/rs232drv       && sed -e '/# am--include-marker/d' Makefile         | make -f - am--depfiles
config.status:1609: $? = 0
config.status:1602: cd src/samplerdrv       && sed -e '/# am--include-marker/d' Makefile         | make -f - am--depfiles
config.status:1609: $? = 0
config.status:1602: cd src/serial       && sed -e '/# am--include-marker/d' Makefile         | make -f - am--depfiles
config.status:1609: $? = 0
config.status:1602: cd src/sid       && sed -e '/# am--include-marker/d' Makefile         | make -f - am--depfiles
config.status:1609: $? = 0
config.status:1602: cd src/tape       && sed -e '/# am--include-marker/d' Makefile         | make -f - am--depfiles
config.status:1609: $? = 0
config.status:1602: cd src/tapeport       && sed -e '/# am--include-marker/d' Makefile         | make -f - am--depfiles
config.status:1609: $? = 0
config.status:1602: cd src/tools/cartconv       && sed -e '/# am--include-marker/d' Makefile         | make -f - am--depfiles
config.status:1609: $? = 0
config.status:1602: cd src/tools/petcat       && sed -e '/# am--include-marker/d' Makefile         | make -f - am--depfiles
config.status:1609: $? = 0
config.status:1602: cd src/userport       && sed -e '/# am--include-marker/d' Makefile         | make -f - am--depfiles
config.status:1609: $? = 0
config.status:1602: cd src/vdc       && sed -e '/# am--include-marker/d' Makefile         | make -f - am--depfiles
config.status:1609: $? = 0
config.status:1602: cd src/vdrive       && sed -e '/# am--include-marker/d' Makefile         | make -f - am--depfiles
config.status:1609: $? = 0
config.status:1602: cd src/vic20       && sed -e '/# am--include-marker/d' Makefile         | make -f - am--depfiles
config.status:1609: $? = 0
config.status:1602: cd src/vic20/cart       && sed -e '/# am--include-marker/d' Makefile         | make -f - am--depfiles
config.status:1609: $? = 0
config.status:1602: cd src/vicii       && sed -e '/# am--include-marker/d' Makefile         | make -f - am--depfiles
config.status:1609: $? = 0
config.status:1602: cd src/viciisc       && sed -e '/# am--include-marker/d' Makefile         | make -f - am--depfiles
config.status:1609: $? = 0
config.status:1602: cd src/video       && sed -e '/# am--include-marker/d' Makefile         | make -f - am--depfiles
config.status:1609: $? = 0
configure:27830: WARNING: invalid option: --enable-native-tools

## ---------------- ##
## Cache variables. ##
## ---------------- ##

ac_cv_build=x86_64-w64-mingw32
ac_cv_c_bigendian=no
ac_cv_c_compiler_gnu=yes
ac_cv_c_future_darwin_options='none needed'
ac_cv_c_undeclared_builtin_options='none needed'
ac_cv_cxx_compiler_gnu=yes
ac_cv_env_CCASFLAGS_set=
ac_cv_env_CCASFLAGS_value=
ac_cv_env_CCAS_set=
ac_cv_env_CCAS_value=
ac_cv_env_CCC_set=
ac_cv_env_CCC_value=
ac_cv_env_CC_set=
ac_cv_env_CC_value=
ac_cv_env_CFLAGS_set=
ac_cv_env_CFLAGS_value=
ac_cv_env_CPPFLAGS_set=
ac_cv_env_CPPFLAGS_value=
ac_cv_env_CPP_set=
ac_cv_env_CPP_value=
ac_cv_env_CXXCPP_set=
ac_cv_env_CXXCPP_value=
ac_cv_env_CXXFLAGS_set=
ac_cv_env_CXXFLAGS_value=
ac_cv_env_CXX_set=
ac_cv_env_CXX_value=
ac_cv_env_FONTCONFIG_CFLAGS_set=
ac_cv_env_FONTCONFIG_CFLAGS_value=
ac_cv_env_FONTCONFIG_LIBS_set=
ac_cv_env_FONTCONFIG_LIBS_value=
ac_cv_env_FW_DIR_set=
ac_cv_env_FW_DIR_value=
ac_cv_env_GLEW_CFLAGS_set=
ac_cv_env_GLEW_CFLAGS_value=
ac_cv_env_GLEW_LIBS_set=
ac_cv_env_GLEW_LIBS_value=
ac_cv_env_GLIB_CFLAGS_set=
ac_cv_env_GLIB_CFLAGS_value=
ac_cv_env_GLIB_LIBS_set=
ac_cv_env_GLIB_LIBS_value=
ac_cv_env_GTK_CFLAGS_set=
ac_cv_env_GTK_CFLAGS_value=
ac_cv_env_GTK_LIBS_set=
ac_cv_env_GTK_LIBS_value=
ac_cv_env_LDFLAGS_set=
ac_cv_env_LDFLAGS_value=
ac_cv_env_LIBS_set=
ac_cv_env_LIBS_value=
ac_cv_env_LIBUSB_CFLAGS_set=
ac_cv_env_LIBUSB_CFLAGS_value=
ac_cv_env_LIBUSB_LIBS_set=
ac_cv_env_LIBUSB_LIBS_value=
ac_cv_env_OBJCFLAGS_set=
ac_cv_env_OBJCFLAGS_value=
ac_cv_env_OBJCPP_set=
ac_cv_env_OBJCPP_value=
ac_cv_env_OBJC_set=
ac_cv_env_OBJC_value=
ac_cv_env_PKG_CONFIG_set=
ac_cv_env_PKG_CONFIG_value=
ac_cv_env_PNG_CFLAGS_set=
ac_cv_env_PNG_CFLAGS_value=
ac_cv_env_PNG_LIBS_set=
ac_cv_env_PNG_LIBS_value=
ac_cv_env_SDL2_CFLAGS_set=
ac_cv_env_SDL2_CFLAGS_value=
ac_cv_env_SDL2_IMAGE_CFLAGS_set=
ac_cv_env_SDL2_IMAGE_CFLAGS_value=
ac_cv_env_SDL2_IMAGE_LIBS_set=
ac_cv_env_SDL2_IMAGE_LIBS_value=
ac_cv_env_SDL2_LIBS_set=
ac_cv_env_SDL2_LIBS_value=
ac_cv_env_SDL_IMAGE_CFLAGS_set=
ac_cv_env_SDL_IMAGE_CFLAGS_value=
ac_cv_env_SDL_IMAGE_LIBS_set=
ac_cv_env_SDL_IMAGE_LIBS_value=
ac_cv_env_SVN_REVISION_OVERRIDE_set=
ac_cv_env_SVN_REVISION_OVERRIDE_value=
ac_cv_env_build_alias_set=
ac_cv_env_build_alias_value=
ac_cv_env_host_alias_set=set
ac_cv_env_host_alias_value=i686-w64-mingw32
ac_cv_env_libcurl_CFLAGS_set=
ac_cv_env_libcurl_CFLAGS_value=
ac_cv_env_libcurl_LIBS_set=
ac_cv_env_libcurl_LIBS_value=
ac_cv_env_libevdev_CFLAGS_set=
ac_cv_env_libevdev_CFLAGS_value=
ac_cv_env_libevdev_LIBS_set=
ac_cv_env_libevdev_LIBS_value=
ac_cv_env_target_alias_set=
ac_cv_env_target_alias_value=
ac_cv_exeext=.exe
ac_cv_func__fseeki64=yes
ac_cv_func__ftelli64=yes
ac_cv_func_atexit=yes
ac_cv_func_dirname=yes
ac_cv_func_fork=no
ac_cv_func_fork_works=no
ac_cv_func_fseeko=yes
ac_cv_func_ftello=yes
ac_cv_func_getcwd=yes
ac_cv_func_getpwuid=no
ac_cv_func_gettimeofday=yes
ac_cv_func_ltoa=yes
ac_cv_func_memmove=yes
ac_cv_func_mkstemp=yes
ac_cv_func_nanosleep=yes
ac_cv_func_random=no
ac_cv_func_rewinddir=yes
ac_cv_func_snprintf=yes
ac_cv_func_stpcpy=no
ac_cv_func_strcasecmp=yes
ac_cv_func_strdup=yes
ac_cv_func_strerror=yes
ac_cv_func_strlcpy=no
ac_cv_func_strlwr=yes
ac_cv_func_strncasecmp=yes
ac_cv_func_strrev=yes
ac_cv_func_strtok=yes
ac_cv_func_strtok_r=yes
ac_cv_func_strtoul=yes
ac_cv_func_swab=yes
ac_cv_func_ultoa=no
ac_cv_func_vfork=no
ac_cv_func_vfork_works=no
ac_cv_func_vsnprintf=yes
ac_cv_have_decl_sys_siglist=no
ac_cv_header_alloca_h=no
ac_cv_header_commctrl_h=yes
ac_cv_header_dinput_h=yes
ac_cv_header_dir_h=yes
ac_cv_header_direct_h=yes
ac_cv_header_dirent_dirent_h=yes
ac_cv_header_dsound_h=yes
ac_cv_header_errno_h=yes
ac_cv_header_fcntl_h=yes
ac_cv_header_inttypes_h=yes
ac_cv_header_io_h=yes
ac_cv_header_libgen_h=yes
ac_cv_header_libusb_1_0_libusb_h=yes
ac_cv_header_limits_h=yes
ac_cv_header_math_h=yes
ac_cv_header_png_h=yes
ac_cv_header_process_h=yes
ac_cv_header_regex_h=yes
ac_cv_header_regexp_h=no
ac_cv_header_shlobj_h=yes
ac_cv_header_signal_h=yes
ac_cv_header_stdint_h=yes
ac_cv_header_stdio_h=yes
ac_cv_header_stdlib_h=yes
ac_cv_header_string_h=yes
ac_cv_header_strings_h=yes
ac_cv_header_sys_capability_h=no
ac_cv_header_sys_dirent_h=no
ac_cv_header_sys_ioctl_h=no
ac_cv_header_sys_stat_h=yes
ac_cv_header_sys_time_h=yes
ac_cv_header_sys_types_h=yes
ac_cv_header_unistd_h=yes
ac_cv_header_vfork_h=no
ac_cv_header_wchar_h=yes
ac_cv_header_winioctl_h=yes
ac_cv_header_winsock_h=yes
ac_cv_header_zlib_h=yes
ac_cv_host=i686-w64-mingw32
ac_cv_lib_bsd_gettimeofday=no
ac_cv_lib_iconv_libiconv_open=yes
ac_cv_lib_lex='none needed'
ac_cv_lib_m_sqrt=yes
ac_cv_lib_png_png_sig_cmp=yes
ac_cv_lib_posix_gettimeofday=no
ac_cv_lib_usb_1_0_libusb_init=yes
ac_cv_lib_z_zlibVersion=yes
ac_cv_objc_compiler_gnu=no
ac_cv_objext=o
ac_cv_path_FCCACHE=/ucrt64/bin/fc-cache
ac_cv_path_PKG_CONFIG=/ucrt64/bin/pkg-config
ac_cv_path_ac_pt_PKG_CONFIG=/ucrt64/bin/pkg-config
ac_cv_path_install='/usr/bin/install -c'
ac_cv_path_mkdir=/usr/bin/mkdir
ac_cv_prog_AR=ar
ac_cv_prog_AWK=gawk
ac_cv_prog_CPP='cc -E'
ac_cv_prog_CXXCPP='c++ -std=c++11 -E'
ac_cv_prog_DOS2UNIX=dos2unix
ac_cv_prog_GLIB_COMPILE_RESOURCES=glib-compile-resources
ac_cv_prog_GLIB_GENMARSHAL=glib-genmarshal
ac_cv_prog_ICONV=iconv
ac_cv_prog_ICOTOOL=icotool
ac_cv_prog_LEX=flex
ac_cv_prog_MAKEINFO='${SHELL} '\''/home/crystal/vice/vice/missing'\'' makeinfo'
ac_cv_prog_PERL=perl
ac_cv_prog_STRIP=strip
ac_cv_prog_SVN=svn
ac_cv_prog_SVNVERSION=svnversion
ac_cv_prog_TAR=tar
ac_cv_prog_XA=xa
ac_cv_prog_YACC=yacc
ac_cv_prog_ac_ct_CC=cc
ac_cv_prog_ac_ct_CXX=c++
ac_cv_prog_ac_ct_OBJC=cc
ac_cv_prog_ac_ct_RANLIB=ranlib
ac_cv_prog_ac_ct_STRIP=strip
ac_cv_prog_ac_ct_WINDRES=windres
ac_cv_prog_ac_ct_objdump=objdump
ac_cv_prog_cc_c11=
ac_cv_prog_cc_c23=no
ac_cv_prog_cc_g=yes
ac_cv_prog_cc_stdc=
ac_cv_prog_cxx_g=yes
ac_cv_prog_lex_root=lex.yy
ac_cv_prog_lex_yytext_pointer=yes
ac_cv_prog_make_make_set=yes
ac_cv_prog_objc_g=no
ac_cv_search_glViewport=-lopengl32
ac_cv_search_glewInit='none required'
ac_cv_search_opendir='none required'
ac_cv_search_yywrap=no
ac_cv_sizeof_time_t=8
ac_cv_sizeof_unsigned_int=4
ac_cv_sizeof_unsigned_long=4
ac_cv_sizeof_unsigned_short=2
ac_cv_sys_largefile_opts=-D_FILE_OFFSET_BITS=64
ac_cv_type_off_t=yes
ac_cv_type_pid_t=yes
ac_cv_type_signal=void
ac_cv_type_size_t=yes
ac_cv_type_socklen_t=no
ac_cv_type_ssize_t=yes
ac_cv_type_u_short=no
acl_cv_path_LD=C:/msys64/ucrt64/x86_64-w64-mingw32/bin/ld.exe
acl_cv_prog_gnu_ld=yes
am_cv_CCAS_dependencies_compiler_type=gcc3
am_cv_CC_dependencies_compiler_type=gcc3
am_cv_CXX_dependencies_compiler_type=gcc3
am_cv_OBJC_dependencies_compiler_type=gcc3
am_cv_filesystem_timestamp_resolution=0.01
am_cv_make_support_nested_variables=yes
am_cv_prog_cc_c_o=yes
am_cv_prog_tar_ustar=gnutar
am_cv_sleep_fractional_seconds=yes
am_cv_xargs_n_works=yes
ax_cv_cxx_compile_cxx11__std_cpp11=yes
bu_cv_decl_time_t_time_h=yes
bu_cv_decl_time_t_types_h=yes
pkg_cv_GLEW_CFLAGS=
pkg_cv_GLEW_LIBS=-lglew32
pkg_cv_GLIB_CFLAGS='-IC:/msys64/ucrt64/include/glib-2.0 -IC:/msys64/ucrt64/lib/glib-2.0/include'
pkg_cv_GLIB_LIBS='-lglib-2.0 -lintl'
pkg_cv_GTK_CFLAGS='-DLIBDEFLATE_DLL -IC:/msys64/ucrt64/include/gtk-3.0 -IC:/msys64/ucrt64/include/pango-1.0 -IC:/msys64/ucrt64/include/harfbuzz -IC:/msys64/ucrt64/include/pango-1.0 -IC:/msys64/ucrt64/include/fribidi -IC:/msys64/ucrt64/include/atk-1.0 -IC:/msys64/ucrt64/include/cairo -IC:/msys64/ucrt64/include/freetype2 -IC:/msys64/ucrt64/include/harfbuzz -IC:/msys64/ucrt64/include/pixman-1 -IC:/msys64/ucrt64/include/gdk-pixbuf-2.0 -IC:/msys64/ucrt64/include/libpng16 -IC:/msys64/ucrt64/include/webp -IC:/msys64/ucrt64/include/glib-2.0 -IC:/msys64/ucrt64/lib/glib-2.0/include'
pkg_cv_GTK_LIBS='-lgtk-3 -lgdk-3 -lgdi32 -limm32 -lshell32 -lole32 -luuid -lwinmm -ldwmapi -lsetupapi -lcfgmgr32 -lhid -lwinspool -lcomctl32 -lcomdlg32 -lpangowin32-1.0 -lpangocairo-1.0 -lpango-1.0 -lharfbuzz -lz -latk-1.0 -lcairo-gobject -lcairo -lgdk_pixbuf-2.0 -lgio-2.0 -lgobject-2.0 -lglib-2.0 -lintl'
pkg_cv_LIBUSB_CFLAGS=-IC:/msys64/ucrt64/include/libusb-1.0
pkg_cv_LIBUSB_LIBS=-lusb-1.0
pkg_cv_libcurl_CFLAGS=
pkg_cv_libcurl_LIBS=-lcurl

## ----------------- ##
## Output variables. ##
## ----------------- ##

ACLOCAL='${SHELL} '\''/home/crystal/vice/vice/missing'\'' aclocal-1.18'
AMDEPBACKSLASH='\'
AMDEP_FALSE='#'
AMDEP_TRUE=''
AMTAR='$${TAR-tar}'
AM_BACKSLASH='\'
AM_DEFAULT_V='$(AM_DEFAULT_VERBOSITY)'
AM_DEFAULT_VERBOSITY='1'
AM_V='$(V)'
AR='ar'
ARCH_DIR='$(top_builddir)/src/arch/gtk3'
ARCH_EXTRA_SUBDIR=''
ARCH_INCLUDES='-I$(top_srcdir)/src/arch/gtk3 -I$(top_srcdir)/src/arch/shared -I$(top_srcdir)/src/arch/mingw32-pcap/wpcap'
ARCH_LIBS='$(top_builddir)/src/arch/gtk3/libarch.a $(top_builddir)/src/arch/gtk3/widgets/libwidgets.a $(top_builddir)/src/arch/gtk3/widgets/base/libbasewidgets.a $(top_builddir)/src/arch/gtk3/novte/libnovte.a $(top_builddir)/src/arch/gtk3/joystickdrv/libjoystickdrv.a'
ARCH_MAKE_BINDIST_DIR=''
ARCH_SRC_DIR='$(top_srcdir)/src/arch/gtk3'
ARFLAGS='cr'
AR_FLAGS='cr'
AUTOCONF='${SHELL} '\''/home/crystal/vice/vice/missing'\'' autoconf'
AUTOHEADER='${SHELL} '\''/home/crystal/vice/vice/missing'\'' autoheader'
AUTOMAKE='${SHELL} '\''/home/crystal/vice/vice/missing'\'' automake-1.18'
AWK='gawk'
BEOS_COMPILE_FALSE=''
BEOS_COMPILE_TRUE='#'
BSD_COMPILE_FALSE=''
BSD_COMPILE_TRUE='#'
CC='cc'
CCAS='cc'
CCASDEPMODE='depmode=gcc3'
CCASFLAGS=''
CCDEPMODE='depmode=gcc3'
CFLAGS=''
CPP='cc -E'
CPPFLAGS=''
CROSS='false'
CROSS_FALSE=''
CROSS_TRUE='#'
CSCOPE='cscope'
CTAGS='ctags'
CXX='c++ -std=c++11'
CXXCPP='c++ -std=c++11 -E'
CXXDEPMODE='depmode=gcc3'
CXXFLAGS=' -fno-exceptions -fno-exceptions'
CYGPATH_W='cygpath -w'
DEBUGBUILD='0'
DEFS='-DHAVE_CONFIG_H'
DEPDIR='.deps'
DESKTOP_FILE_INSTALL=''
DOS2UNIX='dos2unix'
DRAGONFLYBSD_COMPILE_FALSE=''
DRAGONFLYBSD_COMPILE_TRUE='#'
DUMMY_COMPILE_FALSE=''
DUMMY_COMPILE_TRUE='#'
DYNLIB_LIBS=''
ECHO_C=''
ECHO_N='-n'
ECHO_T=''
ENABLE_ARCH='yes'
ENABLE_HTML_DOCS_FALSE='#'
ENABLE_HTML_DOCS_TRUE=''
ENABLE_PDF_DOCS_FALSE=''
ENABLE_PDF_DOCS_TRUE='#'
ETAGS='etags'
EXEEXT='.exe'
FCCACHE='/ucrt64/bin/fc-cache'
FONTCONFIG_CFLAGS=''
FONTCONFIG_LIBS=''
FREEBSD_COMPILE_FALSE=''
FREEBSD_COMPILE_TRUE='#'
FW_DIR=''
GFXOUTPUT_DRIVERS=' pngdrv.o'
GFXOUTPUT_LIBS='-lpng '
GLEW_CFLAGS=''
GLEW_LIBS='-lglew32'
GLIB_CFLAGS='-IC:/msys64/ucrt64/include/glib-2.0 -IC:/msys64/ucrt64/lib/glib-2.0/include'
GLIB_COMPILE_RESOURCES='glib-compile-resources'
GLIB_GENMARSHAL='glib-genmarshal'
GLIB_LIBS='-lglib-2.0 -lintl'
GTK_CFLAGS='-DLIBDEFLATE_DLL -IC:/msys64/ucrt64/include/gtk-3.0 -IC:/msys64/ucrt64/include/pango-1.0 -IC:/msys64/ucrt64/include/harfbuzz -IC:/msys64/ucrt64/include/pango-1.0 -IC:/msys64/ucrt64/include/fribidi -IC:/msys64/ucrt64/include/atk-1.0 -IC:/msys64/ucrt64/include/cairo -IC:/msys64/ucrt64/include/freetype2 -IC:/msys64/ucrt64/include/harfbuzz -IC:/msys64/ucrt64/include/pixman-1 -IC:/msys64/ucrt64/include/gdk-pixbuf-2.0 -IC:/msys64/ucrt64/include/libpng16 -IC:/msys64/ucrt64/include/webp -IC:/msys64/ucrt64/include/glib-2.0 -IC:/msys64/ucrt64/lib/glib-2.0/include'
GTK_LIBS='-lgtk-3 -lgdk-3 -lgdi32 -limm32 -lshell32 -lole32 -luuid -lwinmm -ldwmapi -lsetupapi -lcfgmgr32 -lhid -lwinspool -lcomctl32 -lcomdlg32 -lpangowin32-1.0 -lpangocairo-1.0 -lpango-1.0 -lharfbuzz -lz -latk-1.0 -lcairo-gobject -lcairo -lgdk_pixbuf-2.0 -lgio-2.0 -lgobject-2.0 -lglib-2.0 -lintl'
HAIKU_COMPILE_FALSE=''
HAIKU_COMPILE_TRUE='#'
HAVE_CATWEASELMKIII_FALSE=''
HAVE_CATWEASELMKIII_TRUE='#'
HAVE_CXX11='1'
HAVE_DEBUG_FALSE=''
HAVE_DEBUG_THREADS_FALSE=''
HAVE_DEBUG_THREADS_TRUE='#'
HAVE_DEBUG_TRUE='#'
HAVE_FASTSID_FALSE=''
HAVE_FASTSID_TRUE='#'
HAVE_FC_CACHE_FALSE='#'
HAVE_FC_CACHE_TRUE=''
HAVE_LINUX_EVDEV_FALSE=''
HAVE_LINUX_EVDEV_TRUE='#'
HAVE_PARSID_FALSE=''
HAVE_PARSID_TRUE='#'
HAVE_PERL_FALSE='#'
HAVE_PERL_TRUE=''
HAVE_REALDEVICE_FALSE='#'
HAVE_REALDEVICE_TRUE=''
HAVE_RESIDFP_FALSE='#'
HAVE_RESIDFP_TRUE=''
HAVE_RESID_DTV_FALSE='#'
HAVE_RESID_DTV_TRUE=''
HAVE_RESID_FALSE='#'
HAVE_RESID_TRUE=''
HAVE_USBSID_FALSE='#'
HAVE_USBSID_TRUE=''
HAVE_X64_IMAGE_FALSE=''
HAVE_X64_IMAGE_TRUE='#'
ICONV='iconv'
ICOTOOL='icotool'
INLINE_UNIT_GROWTH='--param inline-unit-growth=60'
INSTALL_DATA='${INSTALL} -m 644'
INSTALL_DESKTOP_FILES_FALSE=''
INSTALL_DESKTOP_FILES_TRUE='#'
INSTALL_PROGRAM='${INSTALL}'
INSTALL_SCRIPT='${INSTALL}'
INSTALL_STRIP_PROGRAM='$(install_sh) -c -s'
JOYSTICK_DRIVERS=' joystick_win32_directinput.o'
JOY_LIBS=''
LDFLAGS=''
LEX='flex'
LEXLIB=''
LEX_OUTPUT_ROOT='lex.yy'
LIBOBJS=''
LIBS='-lm -liconv -ldinput8 -lopengl32 -lusb-1.0  -lwinmm -lntdll -ld2d1 -ld3d11 -lavrt -lwsock32 -lmingwex -lmsvcrt -lgtk-3 -lgdk-3 -lgdi32 -limm32 -lshell32 -lole32 -luuid -lwinmm -ldwmapi -lsetupapi -lcfgmgr32 -lhid -lwinspool -lcomctl32 -lcomdlg32 -lpangowin32-1.0 -lpangocairo-1.0 -lpango-1.0 -lharfbuzz -lz -latk-1.0 -lcairo-gobject -lcairo -lgdk_pixbuf-2.0 -lgio-2.0 -lgobject-2.0 -lglib-2.0 -lintl -lglib-2.0 -lintl -lglew32 -static-libgcc -lcurl'
LIBUSB_CFLAGS='-IC:/msys64/ucrt64/include/libusb-1.0'
LIBUSB_LIBS='-lusb-1.0'
LINKCC='$(CXX)'
LINUX_COMPILE_FALSE=''
LINUX_COMPILE_TRUE='#'
LN_S='cp -pR'
LTLIBOBJS=''
MACOS_COMPILE_FALSE=''
MACOS_COMPILE_TRUE='#'
MAKEINFO='${SHELL} '\''/home/crystal/vice/vice/missing'\'' makeinfo'
MAKE_BINDIST_FALSE='#'
MAKE_BINDIST_TRUE=''
MAKE_INSTALL_FALSE=''
MAKE_INSTALL_TRUE='#'
MAX_INLINE_INSN_SINGLE='--param max-inline-insns-single=600'
MKDIR_P='/usr/bin/mkdir -p'
MONITOR_CFLAGS=' -Wno-unused-label -Wno-unreachable-code -Wno-misleading-indentation'
NETBSD_COMPILE_FALSE=''
NETBSD_COMPILE_TRUE='#'
NETPLAY_LIBS=''
OBJC='cc'
OBJCDEPMODE='depmode=gcc3'
OBJCFLAGS=''
OBJCPP=''
OBJEXT='o'
OPENBSD_COMPILE_FALSE=''
OPENBSD_COMPILE_TRUE='#'
PACKAGE='vice'
PACKAGE_BUGREPORT=''
PACKAGE_NAME='vice'
PACKAGE_STRING='vice 3.10'
PACKAGE_TARNAME='vice'
PACKAGE_URL=''
PACKAGE_VERSION='3.10'
PATH_SEPARATOR=':'
PDFTEX=''
PERL='perl'
PKG_CONFIG='/ucrt64/bin/pkg-config'
PLATFORM_DOX_FLAGS='platformall'
PNG_CFLAGS=''
PNG_LIBS=''
PROGRAM_PREFIX=''
PROGRAM_SUFFIX=''
RANLIB='ranlib'
RESIDDTVSUB='resid-dtv'
RESIDFPSUB='lib/libresidfp'
RESIDFP_DEP='libresidfp'
RESIDFP_DIR='lib/libresidfp'
RESIDFP_DIR_USED_FALSE=''
RESIDFP_DIR_USED_TRUE='#'
RESIDFP_INCLUDES='-I$(top_srcdir)/src/lib/libresidfp -I$(top_builddir)/src/lib/libresidfp/src'
RESIDFP_LIBS='$(top_builddir)/src/lib/libresidfp/libresidfp.a'
RESIDSUB='resid'
RESID_DEP='libresid'
RESID_DIR='resid'
RESID_DIR_USED_FALSE='#'
RESID_DIR_USED_TRUE=''
RESID_DTV_DEP='libresiddtv'
RESID_DTV_DIR='resid-dtv'
RESID_DTV_INCLUDES='-I$(top_builddir)/src/resid-dtv'
RESID_DTV_LIBS='$(top_builddir)/src/resid-dtv/libresiddtv.a'
RESID_INCLUDES='-I$(top_builddir)/src/resid'
RESID_LIBS='$(top_builddir)/src/resid/libresid.a'
SDL2_CFLAGS=''
SDL2_IMAGE_CFLAGS=''
SDL2_IMAGE_LIBS=''
SDL2_LIBS=''
SDLCONFIG=''
SDL_EXTRA_LIBS=''
SDL_IMAGE_CFLAGS=''
SDL_IMAGE_LIBS=''
SET_MAKE=''
SHELL='/bin/sh'
SOUND_DRIVERS=' soundwmm.o sounddx.o'
SOUND_LIBS=' -ldsound'
SOUND_MIDAS_OBJ=''
SOUND_SDL_OBJ=''
STRIP='strip'
SUPPORT_X64_FALSE=''
SUPPORT_X64_TRUE='#'
SVN='svn'
SVNVERSION='svnversion'
SVN_REVISION_OVERRIDE=''
TAR='tar'
TEXI2DVI=''
TFE_LIBS=''
UI_LIBS=''
UNIX_COMPILE_FALSE=''
UNIX_COMPILE_TRUE='#'
UNZIPBIN='no'
UPDATE_DESKTOP_DATABASE=''
USE_GTK3UI_FALSE='#'
USE_GTK3UI_TRUE=''
USE_HEADLESSUI_FALSE=''
USE_HEADLESSUI_TRUE='#'
USE_SDL2UI_FALSE=''
USE_SDL2UI_TRUE='#'
USE_SDLUI_FALSE=''
USE_SDLUI_TRUE='#'
USE_SVN_REVISION_FALSE=''
USE_SVN_REVISION_OVERRIDE_FALSE=''
USE_SVN_REVISION_OVERRIDE_TRUE='#'
USE_SVN_REVISION_TRUE='#'
VERSION='3.10'
VERSION_COMBINED='199168'
VERSION_RC='3,10,0,0'
VICE_CFLAGS='-g -O3 -W -Wall -Wextra -Wformat -Wformat-signedness -Wformat-security -Wshadow -Wpointer-arith -Wmissing-prototypes -Wstrict-prototypes -Wuninitialized -Wmissing-field-initializers -Wunreachable-code -Werror=implicit-function-declaration -Wfatal-errors -Wdiscarded-qualifiers -Wno-unknown-pragmas -Wunused-but-set-variable -Wno-sign-compare -Wno-ignored-qualifiers -Wno-unused-parameter -IC:/msys64/ucrt64/include/libusb-1.0 -Wall -Wno-unused-parameter -Wno-sign-compare -mwindows -fopenmp -IC:/msys64/ucrt64/include/glib-2.0 -IC:/msys64/ucrt64/lib/glib-2.0/include -DLIBDEFLATE_DLL -IC:/msys64/ucrt64/include/gtk-3.0 -IC:/msys64/ucrt64/include/pango-1.0 -IC:/msys64/ucrt64/include/harfbuzz -IC:/msys64/ucrt64/include/pango-1.0 -IC:/msys64/ucrt64/include/fribidi -IC:/msys64/ucrt64/include/atk-1.0 -IC:/msys64/ucrt64/include/cairo -IC:/msys64/ucrt64/include/freetype2 -IC:/msys64/ucrt64/include/harfbuzz -IC:/msys64/ucrt64/include/pixman-1 -IC:/msys64/ucrt64/include/gdk-pixbuf-2.0 -IC:/msys64/ucrt64/include/libpng16 -IC:/msys64/ucrt64/include/webp -IC:/msys64/ucrt64/include/glib-2.0 -IC:/msys64/ucrt64/lib/glib-2.0/include -pthread '
VICE_CPPFLAGS='-I$(top_srcdir)/src/arch/systemheaderoverride -IC:/msys64/ucrt64/include/libusb-1.0 -DNDEBUG -mwindows'
VICE_CXXFLAGS='-g -O3 -Wall -Wformat -Wshadow -Wpointer-arith -Wuninitialized -Wunreachable-code -Wno-unused-parameter -Wfatal-errors -Wall -Wno-unused-parameter -Wno-sign-compare -mwindows -fopenmp -IC:/msys64/ucrt64/include/glib-2.0 -IC:/msys64/ucrt64/lib/glib-2.0/include -DLIBDEFLATE_DLL -IC:/msys64/ucrt64/include/gtk-3.0 -IC:/msys64/ucrt64/include/pango-1.0 -IC:/msys64/ucrt64/include/harfbuzz -IC:/msys64/ucrt64/include/pango-1.0 -IC:/msys64/ucrt64/include/fribidi -IC:/msys64/ucrt64/include/atk-1.0 -IC:/msys64/ucrt64/include/cairo -IC:/msys64/ucrt64/include/freetype2 -IC:/msys64/ucrt64/include/harfbuzz -IC:/msys64/ucrt64/include/pixman-1 -IC:/msys64/ucrt64/include/gdk-pixbuf-2.0 -IC:/msys64/ucrt64/include/libpng16 -IC:/msys64/ucrt64/include/webp -IC:/msys64/ucrt64/include/glib-2.0 -IC:/msys64/ucrt64/lib/glib-2.0/include -pthread'
VICE_DATADIR='${datarootdir}/vice'
VICE_DOCDIR='${datarootdir}/doc/${PACKAGE_TARNAME}'
VICE_LDFLAGS=' -fopenmp -pthread '
VICE_OBJCFLAGS='-g -O3'
VICE_PDF_FILE_NAME=''
VICE_QUIET_FALSE='#'
VICE_QUIET_TRUE=''
VICE_VERSION='3.10'
VICE_VERSION_BUILD='0'
VICE_VERSION_MAJOR='3'
VICE_VERSION_MINOR='10'
VTE_CXXFLAGS=' -Wno-address-of-packed-member -Wno-char-subscripts -Wno-format-signedness -Wno-c99-designator -Wno-shorten-64-to-32 -Wno-nonnull-compare'
WINDOWS_COMPILE_FALSE='#'
WINDOWS_COMPILE_TRUE=''
WINDRES='windres'
WINDRES_LIB=''
XA='xa'
XDG_ICON_RESOURCE=''
YACC='yacc'
ZLIB_LIBS='-lz'
ac_ct_CC='cc'
ac_ct_CXX='c++'
ac_ct_OBJC='cc'
am__EXEEXT_FALSE='#'
am__EXEEXT_TRUE=''
am__fastdepCCAS_FALSE='#'
am__fastdepCCAS_TRUE=''
am__fastdepCC_FALSE='#'
am__fastdepCC_TRUE=''
am__fastdepCXX_FALSE='#'
am__fastdepCXX_TRUE=''
am__fastdepOBJC_FALSE='#'
am__fastdepOBJC_TRUE=''
am__include='include'
am__isrc=''
am__leading_dot='.'
am__nodep='_no'
am__quote=''
am__rm_f_notfound=''
am__tar='tar --format=ustar -chf - "$$tardir"'
am__untar='tar -xf -'
am__xargs_n='xargs -n'
bindir='${exec_prefix}/bin'
build='x86_64-w64-mingw32'
build_alias='x86_64-w64-mingw32'
build_cpu='x86_64'
build_os='mingw32'
build_vendor='w64'
datadir='${datarootdir}'
datarootdir='${prefix}/share'
docdir='${datarootdir}/doc/${PACKAGE_TARNAME}'
dvidir='${docdir}'
exec_prefix='${prefix}'
host='i686-w64-mingw32'
host_alias='i686-w64-mingw32'
host_cpu='i686'
host_os='mingw32-gtk3'
host_vendor='w64'
htmldir='${docdir}'
includedir='${prefix}/include'
infodir='${datarootdir}/info'
install_sh='${SHELL} /home/crystal/vice/vice/install-sh'
libcurl_CFLAGS=''
libcurl_LIBS='-lcurl'
libdir='${exec_prefix}/lib'
libevdev_CFLAGS=''
libevdev_LIBS=''
libexecdir='${exec_prefix}/libexec'
localedir='${datarootdir}/locale'
localstatedir='${prefix}/var'
mandir='${datarootdir}/man'
mkdir_p='$(MKDIR_P)'
objdump='objdump'
oldincludedir='/usr/include'
pdfdir='${docdir}'
prefix='/ucrt64'
program_transform_name='s,x,x,'
psdir='${docdir}'
runstatedir='${localstatedir}/run'
sbindir='${exec_prefix}/sbin'
sdl_config='no'
sharedstatedir='${prefix}/com'
subdirs_extra=' src/resid src/resid-dtv src/lib/libresidfp'
sysconfdir='${prefix}/etc'
target_alias=''
vsid_LDFLAGS=''
x128_LDFLAGS=''
x64_LDFLAGS=''
xcbm2_LDFLAGS=''
xpet_LDFLAGS=''
xplus4_LDFLAGS=''
xscpu64_LDFLAGS=''
xvic_LDFLAGS=''

## ----------- ##
## confdefs.h. ##
## ----------- ##

/* confdefs.h */
#define PACKAGE_NAME "vice"
#define PACKAGE_TARNAME "vice"
#define PACKAGE_VERSION "3.10"
#define PACKAGE_STRING "vice 3.10"
#define PACKAGE_BUGREPORT ""
#define PACKAGE_URL ""
#define CONFIGURE_FLAGS "--host=i686-w64-mingw32 --enable-native-tools"
#define PACKAGE "vice"
#define VERSION "3.10"
#define HAVE_CXX11 1
#define YYTEXT_POINTER 1
#define _FILE_OFFSET_BITS 64
#define HAVE_STDIO_H 1
#define HAVE_STDLIB_H 1
#define HAVE_STRING_H 1
#define HAVE_INTTYPES_H 1
#define HAVE_STDINT_H 1
#define HAVE_STRINGS_H 1
#define HAVE_SYS_STAT_H 1
#define HAVE_SYS_TYPES_H 1
#define HAVE_UNISTD_H 1
#define STDC_HEADERS 1
#define FEATURE_CPUMEMHISTORY /**/
#define HAVE_NEW_8580_FILTER /**/
#define HAVE_TIME_T_IN_TIME_H /**/
#define HAVE_TIME_T_IN_TYPES_H /**/
#define SIZEOF_TIME_T 8
#define TIME_T_IS_64BIT /**/
#define HAVE_COMMCTRL_H 1
#define HAVE_SHLOBJ_H 1
#define HAVE_WINIOCTL_H 1
#define HAVE_WINSOCK_H 1
#define HAVE_HTONL /**/
#define HAVE_HTONS /**/
#define HAVE_NETWORK /**/
#define HAVE_RS232NET /**/
#define HAVE_LIBUSB_1_0_LIBUSB_H 1
#define HAVE_USBSID /**/
#define HAVE_HARDSID /**/
#define HAVE_RS232DEV /**/
#define USE_GTK3UI /**/
#define HAVE_HWSCALE /**/
#define USE_VICE_THREAD /**/
#define HAVE_DINPUT /**/
#define HAVE_DINPUT_LIB /**/
#define HAVE_LIBICONV 1
#define HAVE_RESID /**/
#define HAVE_RESID_DTV /**/
#define HAVE_RESIDFP /**/
#define HAVE_SYS_TYPES_H 1
#define SIZEOF_UNSIGNED_SHORT 2
#define SIZEOF_UNSIGNED_INT 4
#define SIZEOF_UNSIGNED_LONG 4
#define HAVE_DIRENT_H 1
#define HAVE_DIRECT_H 1
#define HAVE_ERRNO_H 1
#define HAVE_FCNTL_H 1
#define HAVE_LIMITS_H 1
#define HAVE_REGEX_H 1
#define HAVE_UNISTD_H 1
#define HAVE_STRINGS_H 1
#define HAVE_SYS_STAT_H 1
#define HAVE_INTTYPES_H 1
#define HAVE_LIBGEN_H 1
#define HAVE_DIR_H 1
#define HAVE_IO_H 1
#define HAVE_PROCESS_H 1
#define HAVE_SIGNAL_H 1
#define HAVE_WCHAR_H 1
#define HAVE_STDINT_H 1
#define HAVE_SYS_TIME_H 1
#define HAVE_DECL_SYS_SIGLIST 0
#define HAVE_DYNLIB_SUPPORT /**/
#define HAVE_MATH_H 1
#define HAVE_LIBM 1
#define HAVE_ZLIB /**/
#define HAVE_LIBCURL /**/
#define USE_DXSOUND /**/
#define HAVE_DSOUND_LIB /**/
#define RETSIGTYPE void
#define vfork fork
#define HAVE_OFF_T 1
#define HAVE_OFF_T 1
#define HAVE_OFF_T_IN_SYS_TYPES /**/
#define HAVE_GETTIMEOFDAY 1
#define HAVE_MEMMOVE 1
#define HAVE_ATEXIT 1
#define HAVE_STRERROR 1
#define HAVE_STRCASECMP 1
#define HAVE_STRNCASECMP 1
#define HAVE_DIRNAME 1
#define HAVE_MKSTEMP 1
#define HAVE_SWAB 1
#define HAVE_GETCWD 1
#define HAVE_REWINDDIR 1
#define HAVE_STRTOK 1
#define HAVE_STRTOK_R 1
#define HAVE_STRTOUL 1
#define HAVE_SNPRINTF 1
#define HAVE_VSNPRINTF 1
#define HAVE_LTOA 1
#define HAVE_STRLWR 1
#define HAVE_STRREV 1
#define HAVE_FSEEKO 1
#define HAVE_FTELLO 1
#define HAVE__FSEEKI64 1
#define HAVE__FTELLI64 1
#define HAVE_STRDUP 1
#define HAVE_NANOSLEEP /**/
#define HAVE_PNG /**/
#define HAVE_REALDEVICE /**/
#define HAVE_MOUSE /**/
#define HAVE_LIGHTPEN /**/
#define WINDOWS_COMPILE /**/
#define USE_GCC /**/
#define PREFIX "/ucrt64"

configure: exit 

## ---------------------- ##
## Running config.status. ##
## ---------------------- ##

This file was extended by vice config.status 3.10, which was
generated by GNU Autoconf 2.73.  Invocation command line was

  CONFIG_FILES    = 
  CONFIG_HEADERS  = 
  CONFIG_LINKS    = 
  CONFIG_COMMANDS = 
  $ ./config.status src/arch/gtk3/widgets/Makefile depfiles

on LAPTOP-0BS9KNOH

config.status:1298: creating src/arch/gtk3/widgets/Makefile
config.status:1527: executing depfiles commands
config.status:1602: cd src/arch/gtk3/widgets       && sed -e '/# am--include-marker/d' Makefile         | make -f - am--depfiles
make[6]: Entering directory '/home/crystal/vice/vice/src/arch/gtk3/widgets'
make[6]: Leaving directory '/home/crystal/vice/vice/src/arch/gtk3/widgets'
config.status:1609: $? = 0
